id,prefectureCode,municipalityCode,name,nameKana,municipalityType,officialUrl,representativePhone,supportLevel,status,lastVerifiedAt
ibaraki-mito,08,082015,水戸市,みとし,city,https://www.city.mito.lg.jp/,029-224-1111,standard,published,2026-07-26
ibaraki-tsukuba,08,082201,つくば市,つくばし,city,https://www.city.tsukuba.lg.jp/,029-883-1111,standard,published,2026-07-26
ibaraki-hitachi,08,08202,日立市,ひたちし,city,https://www.city.hitachi.lg.jp/,,basic,published,2026-07-01
ibaraki-hitachinaka,08,08221,ひたちなか市,ひたちなかし,city,https://www.city.hitachinaka.lg.jp/,,basic,published,2026-07-01
ibaraki-tsuchiura,08,08203,土浦市,つちうらし,city,https://www.city.tsuchiura.lg.jp/,,basic,published,2026-07-01
ibaraki-koga,08,08204,古河市,こがし,city,https://www.city.ibaraki-koga.lg.jp/,,basic,published,2026-07-01
ibaraki-toride,08,08217,取手市,とりでし,city,https://www.city.toride.ibaraki.jp/,,basic,published,2026-07-01
ibaraki-kashima,08,08222,鹿嶋市,かしまし,city,https://city.kashima.ibaraki.jp/,,basic,published,2026-07-01
ibaraki-daigo,08,083640,大子町,だいごまち,town,https://www.town.daigo.ibaraki.jp/,,basic,published,2026-07-01
ibaraki-sakai,08,08546,境町,さかいまち,town,https://www.town.ibaraki-sakai.lg.jp/,,basic,published,2026-07-01
tokyo-shinjuku,13,131041,新宿区,しんじゅくく,special_ward,https://www.city.shinjuku.lg.jp/,03-3209-1111,standard,published,2026-07-26
tokyo-adachi,13,13121,足立区,あだちく,special_ward,https://www.city.adachi.tokyo.jp/,,basic,published,2026-07-01
tokyo-setagaya,13,13112,世田谷区,せたがやく,special_ward,https://www.city.setagaya.lg.jp/,,basic,published,2026-07-01
tokyo-ota,13,13111,大田区,おおたく,special_ward,https://www.city.ota.tokyo.jp/,,basic,published,2026-07-01
tokyo-edogawa,13,13123,江戸川区,えどがわく,special_ward,https://www.city.edogawa.tokyo.jp/,,basic,published,2026-07-01
tokyo-hachioji,13,13201,八王子市,はちおうじし,city,https://www.city.hachioji.tokyo.jp/,,basic,published,2026-07-01
tokyo-machida,13,13209,町田市,まちだし,city,https://www.city.machida.tokyo.jp/,,basic,published,2026-07-01
tokyo-tachikawa,13,13202,立川市,たちかわし,city,https://www.city.tachikawa.lg.jp/,,basic,published,2026-07-01
tokyo-ome,13,13205,青梅市,おうめし,city,https://www.city.ome.tokyo.jp/,,basic,published,2026-07-01
tokyo-okutama,13,13308,奥多摩町,おくたままち,town,https://www.town.okutama.tokyo.jp/,,basic,published,2026-07-01
osaka-osaka,27,271004,大阪市,おおさかし,city,https://www.city.osaka.lg.jp/,06-6208-8181,standard,published,2026-07-26
osaka-sakai,27,27140,堺市,さかいし,city,https://www.city.sakai.lg.jp/,,basic,published,2026-07-01
osaka-higashiosaka,27,27227,東大阪市,ひがしおおさかし,city,https://www.city.higashiosaka.lg.jp/,,basic,published,2026-07-01
osaka-toyonaka,27,27203,豊中市,とよなかし,city,https://www.city.toyonaka.osaka.jp/,,basic,published,2026-07-01
osaka-hirakata,27,27210,枚方市,ひらかたし,city,https://www.city.hirakata.osaka.jp/,,basic,published,2026-07-01
osaka-suita,27,27205,吹田市,すいたし,city,https://www.city.suita.osaka.jp/,,basic,published,2026-07-01
osaka-takatsuki,27,27207,高槻市,たかつきし,city,https://www.city.takatsuki.osaka.jp/,,basic,published,2026-07-01
osaka-yao,27,27212,八尾市,やおし,city,https://www.city.yao.osaka.jp/,,basic,published,2026-07-01
osaka-kishiwada,27,27202,岸和田市,きしわだし,city,https://www.city.kishiwada.osaka.jp/,,basic,published,2026-07-01
osaka-nose,27,27322,能勢町,のせちょう,town,https://www.town.nose.osaka.jp/,,basic,published,2026-07-01
hokkaido-sapporo,01,011002,札幌市,さっぽろし,city,https://www.city.sapporo.jp/,011-211-2111,standard,published,2026-07-26
kanagawa-yokohama,14,141003,横浜市,よこはまし,city,https://www.city.yokohama.lg.jp/,045-671-2121,standard,published,2026-07-26
okinawa-naha,47,472018,那覇市,なはし,city,https://www.city.naha.okinawa.jp/,098-867-0111,standard,published,2026-07-26
miyagi-sendai,04,041009,仙台市,せんだいし,city,https://www.city.sendai.jp/,022-261-1111,standard,published,2026-07-26
aichi-nagoya,23,231002,名古屋市,なごやし,city,https://www.city.nagoya.jp/,052-961-1111,standard,published,2026-07-26
hyogo-kobe,28,281000,神戸市,こうべし,city,https://www.city.kobe.lg.jp/,078-333-3330,standard,published,2026-07-26
fukuoka-fukuoka,40,401307,福岡市,ふくおかし,city,https://www.city.fukuoka.lg.jp/,092-711-4111,standard,published,2026-07-26
jp-01202,01,012025,函館市,はこだてし,city,https://www.city.hakodate.hokkaido.jp/,,basic,published,2026-07-26
jp-01203,01,012033,小樽市,おたるし,city,https://www.city.otaru.lg.jp/,,basic,published,2026-07-26
jp-01204,01,012041,旭川市,あさひかわし,city,https://www.city.asahikawa.hokkaido.jp/,,basic,published,2026-07-26
jp-01205,01,012050,室蘭市,むろらんし,city,https://www.city.muroran.lg.jp/,,basic,published,2026-07-26
jp-01206,01,012068,釧路市,くしろし,city,https://www.city.kushiro.lg.jp/,,basic,published,2026-07-26
jp-01207,01,012076,帯広市,おびひろし,city,https://www.city.obihiro.hokkaido.jp/,,basic,published,2026-07-26
jp-02201,02,022012,青森市,あおもりし,city,https://www.city.aomori.aomori.jp/,017-734-1111,standard,published,2026-07-26
jp-02202,02,022020,弘前市,ひろさきし,city,https://www.city.hirosaki.aomori.jp/,,basic,published,2026-07-26
jp-02203,02,022039,八戸市,はちのへし,city,https://www.city.hachinohe.aomori.jp/,,basic,published,2026-07-26
jp-02204,02,022047,黒石市,くろいしし,city,https://www.city.kuroishi.aomori.jp/,,basic,published,2026-07-26
jp-02205,02,022055,五所川原市,ごしょがわらし,city,https://www.city.goshogawara.lg.jp/,,basic,published,2026-07-26
jp-02206,02,022063,十和田市,とわだし,city,https://www.city.towada.lg.jp/,,basic,published,2026-07-26
jp-03201,03,032018,盛岡市,もりおかし,city,https://www.city.morioka.iwate.jp/,019-651-4111,standard,published,2026-07-26
jp-03202,03,032026,宮古市,みやこし,city,https://www.city.miyako.iwate.jp/,,basic,published,2026-07-26
jp-03205,03,032050,花巻市,はなまきし,city,https://www.city.hanamaki.iwate.jp/,,basic,published,2026-07-26
jp-03206,03,032069,北上市,きたかみし,city,https://www.city.kitakami.iwate.jp/,,basic,published,2026-07-26
jp-03207,03,032077,久慈市,くじし,city,https://www.city.kuji.lg.jp/,,basic,published,2026-07-26
jp-03209,03,032093,一関市,いちのせきし,city,https://www.city.ichinoseki.iwate.jp/,,basic,published,2026-07-26
jp-03210,03,032107,陸前高田市,りくぜんたかたし,city,https://www.city.rikuzentakata.iwate.jp/,,basic,published,2026-07-26
jp-04202,04,042021,石巻市,いしのまきし,city,https://www.city.ishinomaki.lg.jp/,,basic,published,2026-07-26
jp-04203,04,042030,塩竈市,しおがまし,city,https://www.city.shiogama.miyagi.jp/,,basic,published,2026-07-26
jp-04205,04,042056,気仙沼市,けせんぬまし,city,https://www.kesennuma.miyagi.jp/,,basic,published,2026-07-26
jp-04206,04,042064,白石市,しろいしし,city,https://www.city.shiroishi.miyagi.jp/,,basic,published,2026-07-26
jp-04207,04,042072,名取市,なとりし,city,https://www.city.natori.miyagi.jp/,,basic,published,2026-07-26
jp-04208,04,042080,角田市,かくだし,city,https://www.city.kakuda.lg.jp/,,basic,published,2026-07-26
jp-04212,04,042129,登米市,とめし,city,https://www.city.tome.miyagi.jp/,,basic,published,2026-07-26
jp-05201,05,052019,秋田市,あきたし,city,https://www.city.akita.lg.jp/,018-863-2222,standard,published,2026-07-26
jp-05202,05,052027,能代市,のしろし,city,https://www.city.noshiro.lg.jp/,,basic,published,2026-07-26
jp-05203,05,052035,横手市,よこてし,city,https://www.city.yokote.lg.jp/,,basic,published,2026-07-26
jp-05206,05,052060,男鹿市,おがし,city,https://www.city.oga.akita.jp/,,basic,published,2026-07-26
jp-05209,05,052094,鹿角市,かづのし,city,https://www.city.kazuno.lg.jp/,,basic,published,2026-07-26
jp-05211,05,052116,潟上市,かたがみし,city,https://www.city.katagami.lg.jp/,,basic,published,2026-07-26
jp-05212,05,052124,大仙市,だいせんし,city,https://www.city.daisen.lg.jp/,,basic,published,2026-07-26
jp-06202,06,062022,米沢市,よねざわし,city,https://www.city.yonezawa.yamagata.jp/,,basic,published,2026-07-26
jp-06203,06,062030,鶴岡市,つるおかし,city,https://www.city.tsuruoka.lg.jp/,,basic,published,2026-07-26
jp-06204,06,062049,酒田市,さかたし,city,https://www.city.sakata.lg.jp/,,basic,published,2026-07-26
jp-06206,06,062065,寒河江市,さがえし,city,https://www.city.sagae.yamagata.jp/,,basic,published,2026-07-26
jp-06207,06,062073,上山市,かみのやまし,city,https://www.city.kaminoyama.yamagata.jp/,,basic,published,2026-07-26
jp-06208,06,062081,村山市,むらやまし,city,https://www.city.murayama.lg.jp/,,basic,published,2026-07-26
jp-06209,06,062090,長井市,ながいし,city,https://www.city.nagai.yamagata.jp/,,basic,published,2026-07-26
jp-07201,07,072010,福島市,ふくしまし,city,https://www.city.fukushima.fukushima.jp/,024-535-1111,standard,published,2026-07-26
jp-07202,07,072028,会津若松市,あいづわかまつし,city,https://www.city.aizuwakamatsu.fukushima.jp/,,basic,published,2026-07-26
jp-07204,07,072044,いわき市,いわきし,city,https://www.city.iwaki.lg.jp/,,basic,published,2026-07-26
jp-07205,07,072052,白河市,しらかわし,city,https://www.city.shirakawa.fukushima.jp/,,basic,published,2026-07-26
jp-07207,07,072079,須賀川市,すかがわし,city,https://www.city.sukagawa.fukushima.jp/,,basic,published,2026-07-26
jp-07208,07,072087,喜多方市,きたかたし,city,https://www.city.kitakata.fukushima.jp/,,basic,published,2026-07-26
jp-07210,07,072109,二本松市,にほんまつし,city,https://www.city.nihonmatsu.lg.jp/,,basic,published,2026-07-26
jp-08205,08,082058,石岡市,いしおかし,city,https://www.city.ishioka.lg.jp/,,basic,published,2026-07-26
jp-08210,08,082104,下妻市,しもつまし,city,https://www.city.shimotsuma.lg.jp/,,basic,published,2026-07-26
jp-08214,08,082147,高萩市,たかはぎし,city,https://www.city.takahagi.ibaraki.jp/,,basic,published,2026-07-26
jp-08215,08,082155,北茨城市,きたいばらきし,city,https://www.city.kitaibaraki.lg.jp/,,basic,published,2026-07-26
jp-08216,08,082163,笠間市,かさまし,city,https://www.city.kasama.lg.jp/,,basic,published,2026-07-26
jp-08219,08,082198,牛久市,うしくし,city,https://www.city.ushiku.lg.jp/,,basic,published,2026-07-26
jp-08223,08,082236,潮来市,いたこし,city,https://www.city.itako.lg.jp/,,basic,published,2026-07-26
jp-09201,09,092011,宇都宮市,うつのみやし,city,https://www.city.utsunomiya.lg.jp/,028-632-2222,standard,published,2026-07-26
jp-09202,09,092029,足利市,あしかがし,city,https://www.city.ashikaga.tochigi.jp/,,basic,published,2026-07-26
jp-09203,09,092037,栃木市,とちぎし,city,https://www.city.tochigi.lg.jp/,,basic,published,2026-07-26
jp-09204,09,092045,佐野市,さのし,city,https://www.city.sano.lg.jp/,,basic,published,2026-07-26
jp-09205,09,092053,鹿沼市,かぬまし,city,https://www.city.kanuma.tochigi.jp/,,basic,published,2026-07-26
jp-09208,09,092088,小山市,おやまし,city,https://www.city.oyama.tochigi.jp/,,basic,published,2026-07-26
jp-09211,09,092118,矢板市,やいたし,city,https://www.city.yaita.tochigi.jp/,,basic,published,2026-07-26
jp-10201,10,102016,前橋市,まえばしし,city,https://www.city.maebashi.gunma.jp/,027-224-1111,standard,published,2026-07-26
jp-10202,10,102024,高崎市,たかさきし,city,https://www.city.takasaki.gunma.jp/,,basic,published,2026-07-26
jp-10204,10,102040,伊勢崎市,いせさきし,city,https://www.city.isesaki.lg.jp/,,basic,published,2026-07-26
jp-10206,10,102067,沼田市,ぬまたし,city,https://www.city.numata.gunma.jp/,,basic,published,2026-07-26
jp-10207,10,102075,館林市,たてばやしし,city,https://www.city.tatebayashi.gunma.jp/,,basic,published,2026-07-26
jp-10208,10,102083,渋川市,しぶかわし,city,https://www.city.shibukawa.lg.jp/,,basic,published,2026-07-26
jp-10209,10,102091,藤岡市,ふじおかし,city,https://www.city.fujioka.gunma.jp/,,basic,published,2026-07-26
jp-11100,11,111007,さいたま市,さいたまし,city,https://www.city.saitama.lg.jp/,048-829-1111,standard,published,2026-07-26
jp-11201,11,112011,川越市,かわごえし,city,https://www.city.kawagoe.saitama.jp/,,basic,published,2026-07-26
jp-11202,11,112020,熊谷市,くまがやし,city,https://www.city.kumagaya.lg.jp/,,basic,published,2026-07-26
jp-11203,11,112038,川口市,かわぐちし,city,https://www.city.kawaguchi.lg.jp/,,basic,published,2026-07-26
jp-11207,11,112070,秩父市,ちちぶし,city,https://www.city.chichibu.lg.jp/,,basic,published,2026-07-26
jp-11208,11,112089,所沢市,ところざわし,city,https://www.city.tokorozawa.saitama.jp/,,basic,published,2026-07-26
jp-11210,11,112100,加須市,かぞし,city,https://www.city.kazo.lg.jp/,,basic,published,2026-07-26
jp-12203,12,122033,市川市,いちかわし,city,https://www.city.ichikawa.lg.jp/,,basic,published,2026-07-26
jp-12204,12,122041,船橋市,ふなばしし,city,https://www.city.funabashi.lg.jp/,,basic,published,2026-07-26
jp-12205,12,122050,館山市,たてやまし,city,https://www.city.tateyama.chiba.jp/,,basic,published,2026-07-26
jp-12206,12,122068,木更津市,きさらづし,city,https://www.city.kisarazu.lg.jp/,,basic,published,2026-07-26
jp-12207,12,122076,松戸市,まつどし,city,https://www.city.matsudo.chiba.jp/,,basic,published,2026-07-26
jp-12208,12,122084,野田市,のだし,city,https://www.city.noda.chiba.jp/,,basic,published,2026-07-26
jp-12210,12,122106,茂原市,もばらし,city,https://www.city.mobara.chiba.jp/,,basic,published,2026-07-26
jp-13101,13,131016,千代田区,ちよだく,special_ward,https://www.city.chiyoda.lg.jp/,,basic,published,2026-07-26
jp-13103,13,131032,港区,みなとく,special_ward,https://www.city.minato.tokyo.jp/,,basic,published,2026-07-26
jp-13107,13,131075,墨田区,すみだく,special_ward,https://www.city.sumida.lg.jp/,,basic,published,2026-07-26
jp-13109,13,131091,品川区,しながわく,special_ward,https://www.city.shinagawa.tokyo.jp/,,basic,published,2026-07-26
jp-13110,13,131105,目黒区,めぐろく,special_ward,https://www.city.meguro.tokyo.jp/,,basic,published,2026-07-26
jp-13113,13,131130,渋谷区,しぶやく,special_ward,https://www.city.shibuya.tokyo.jp/,,basic,published,2026-07-26
jp-13115,13,131156,杉並区,すぎなみく,special_ward,https://www.city.suginami.tokyo.jp/,,basic,published,2026-07-26
jp-14150,14,141500,相模原市,さがみはらし,city,https://www.city.sagamihara.kanagawa.jp/,,basic,published,2026-07-26
jp-14203,14,142034,平塚市,ひらつかし,city,https://www.city.hiratsuka.kanagawa.jp/,,basic,published,2026-07-26
jp-14204,14,142042,鎌倉市,かまくらし,city,https://www.city.kamakura.kanagawa.jp/,,basic,published,2026-07-26
jp-14205,14,142050,藤沢市,ふじさわし,city,https://www.city.fujisawa.kanagawa.jp/,,basic,published,2026-07-26
jp-14206,14,142069,小田原市,おだわらし,city,https://www.city.odawara.kanagawa.jp/,,basic,published,2026-07-26
jp-14207,14,142077,茅ヶ崎市,ちがさきし,city,https://www.city.chigasaki.kanagawa.jp/,,basic,published,2026-07-26
jp-15100,15,151009,新潟市,にいがたし,city,https://www.city.niigata.lg.jp/,025-228-1000,standard,published,2026-07-26
jp-15202,15,152021,長岡市,ながおかし,city,https://www.city.nagaoka.niigata.jp/,,basic,published,2026-07-26
jp-15205,15,152056,柏崎市,かしわざきし,city,https://www.city.kashiwazaki.lg.jp/,,basic,published,2026-07-26
jp-15206,15,152064,新発田市,しばたし,city,https://www.city.shibata.lg.jp/,,basic,published,2026-07-26
jp-15208,15,152080,小千谷市,おぢやし,city,https://www.city.ojiya.niigata.jp/,,basic,published,2026-07-26
jp-15209,15,152099,加茂市,かもし,city,https://www.city.kamo.niigata.jp/,,basic,published,2026-07-26
jp-15211,15,152110,見附市,みつけし,city,https://www.city.mitsuke.niigata.jp/,,basic,published,2026-07-26
jp-16201,16,162019,富山市,とやまし,city,https://www.city.toyama.lg.jp/,076-431-6111,standard,published,2026-07-26
jp-16202,16,162027,高岡市,たかおかし,city,https://www.city.takaoka.toyama.jp/,,basic,published,2026-07-26
jp-16205,16,162051,氷見市,ひみし,city,https://www.city.himi.toyama.jp/,,basic,published,2026-07-26
jp-16206,16,162060,滑川市,なめりかわし,city,https://www.city.namerikawa.toyama.jp/,,basic,published,2026-07-26
jp-16207,16,162078,黒部市,くろべし,city,https://www.city.kurobe.toyama.jp/,,basic,published,2026-07-26
jp-16208,16,162086,砺波市,となみし,city,https://www.city.tonami.lg.jp/,,basic,published,2026-07-26
jp-16209,16,162094,小矢部市,おやべし,city,https://www.city.oyabe.toyama.jp/,,basic,published,2026-07-26
jp-17202,17,172022,七尾市,ななおし,city,https://www.city.nanao.lg.jp/,,basic,published,2026-07-26
jp-17203,17,172030,小松市,こまつし,city,https://www.city.komatsu.lg.jp/,,basic,published,2026-07-26
jp-17204,17,172049,輪島市,わじまし,city,https://www.city.wajima.ishikawa.jp/,,basic,published,2026-07-26
jp-17205,17,172057,珠洲市,すずし,city,https://www.city.suzu.lg.jp/,,basic,published,2026-07-26
jp-17206,17,172065,加賀市,かがし,city,https://www.city.kaga.ishikawa.jp/,,basic,published,2026-07-26
jp-17207,17,172073,羽咋市,はくいし,city,https://www.city.hakui.lg.jp/,,basic,published,2026-07-26
jp-17209,17,172090,かほく市,かほくし,city,https://www.city.kahoku.lg.jp/,,basic,published,2026-07-26
jp-18201,18,182010,福井市,ふくいし,city,https://www.city.fukui.lg.jp/,0776-20-5111,standard,published,2026-07-26
jp-18202,18,182028,敦賀市,つるがし,city,https://www.city.tsuruga.lg.jp/,,basic,published,2026-07-26
jp-18206,18,182060,勝山市,かつやまし,city,https://www.city.katsuyama.fukui.jp/,,basic,published,2026-07-26
jp-18207,18,182079,鯖江市,さばえし,city,https://www.city.sabae.fukui.jp/,,basic,published,2026-07-26
jp-18208,18,182087,あわら市,あわらし,city,https://www.city.awara.lg.jp/,,basic,published,2026-07-26
jp-18209,18,182095,越前市,えちぜんし,city,https://www.city.echizen.lg.jp/,,basic,published,2026-07-26
jp-18322,18,183229,永平寺町,えいへいじちょう,town,https://www.town.eiheiji.lg.jp/,,basic,published,2026-07-26
jp-19202,19,192023,富士吉田市,ふじよしだし,city,https://www.city.fujiyoshida.yamanashi.jp/,,basic,published,2026-07-26
jp-19204,19,192040,都留市,つるし,city,https://www.city.tsuru.yamanashi.jp/,,basic,published,2026-07-26
jp-19205,19,192058,山梨市,やまなしし,city,https://www.city.yamanashi.yamanashi.jp/,,basic,published,2026-07-26
jp-19207,19,192074,韮崎市,にらさきし,city,https://www.city.nirasaki.lg.jp/,,basic,published,2026-07-26
jp-19209,19,192090,北杜市,ほくとし,city,https://www.city.hokuto.yamanashi.jp/,,basic,published,2026-07-26
jp-19210,19,192104,甲斐市,かいし,city,https://www.city.kai.yamanashi.jp/,,basic,published,2026-07-26
jp-19211,19,192112,笛吹市,ふえふきし,city,https://www.city.fuefuki.yamanashi.jp/,,basic,published,2026-07-26
jp-20201,20,202011,長野市,ながのし,city,https://www.city.nagano.nagano.jp/,026-226-4911,standard,published,2026-07-26
jp-20202,20,202029,松本市,まつもとし,city,https://www.city.matsumoto.nagano.jp/,,basic,published,2026-07-26
jp-20203,20,202037,上田市,うえだし,city,https://www.city.ueda.nagano.jp/,,basic,published,2026-07-26
jp-20204,20,202045,岡谷市,おかやし,city,https://www.city.okaya.lg.jp/,,basic,published,2026-07-26
jp-20205,20,202053,飯田市,いいだし,city,https://www.city.iida.lg.jp/,,basic,published,2026-07-26
jp-20206,20,202061,諏訪市,すわし,city,https://www.city.suwa.lg.jp/,,basic,published,2026-07-26
jp-20207,20,202070,須坂市,すざかし,city,https://www.city.suzaka.nagano.jp/,,basic,published,2026-07-26
jp-21201,21,212016,岐阜市,ぎふし,city,https://www.city.gifu.lg.jp/,058-265-4141,standard,published,2026-07-26
jp-21203,21,212032,高山市,たかやまし,city,https://www.city.takayama.lg.jp/,,basic,published,2026-07-26
jp-21204,21,212040,多治見市,たじみし,city,https://www.city.tajimi.lg.jp/,,basic,published,2026-07-26
jp-21205,21,212059,関市,せきし,city,https://www.city.seki.lg.jp/,,basic,published,2026-07-26
jp-21206,21,212067,中津川市,なかつがわし,city,https://www.city.nakatsugawa.lg.jp/,,basic,published,2026-07-26
jp-21207,21,212075,美濃市,みのし,city,https://www.city.mino.gifu.jp/,,basic,published,2026-07-26
jp-21208,21,212083,瑞浪市,みずなみし,city,https://www.city.mizunami.lg.jp/,,basic,published,2026-07-26
jp-22100,22,221007,静岡市,しずおかし,city,https://www.city.shizuoka.lg.jp/,054-254-2111,standard,published,2026-07-26
jp-22130,22,221309,浜松市,はままつし,city,https://www.city.hamamatsu.shizuoka.jp/,,basic,published,2026-07-26
jp-22203,22,222038,沼津市,ぬまづし,city,https://www.city.numazu.shizuoka.jp/,,basic,published,2026-07-26
jp-22205,22,222054,熱海市,あたみし,city,https://www.city.atami.lg.jp/,,basic,published,2026-07-26
jp-22206,22,222062,三島市,みしまし,city,https://www.city.mishima.shizuoka.jp/,,basic,published,2026-07-26
jp-22207,22,222070,富士宮市,ふじのみやし,city,https://www.city.fujinomiya.lg.jp/,,basic,published,2026-07-26
jp-22209,22,222097,島田市,しまだし,city,https://www.city.shimada.shizuoka.jp/,,basic,published,2026-07-26
jp-23201,23,232017,豊橋市,とよはしし,city,https://www.city.toyohashi.lg.jp/,,basic,published,2026-07-26
jp-23202,23,232025,岡崎市,おかざきし,city,https://www.city.okazaki.lg.jp/,,basic,published,2026-07-26
jp-23203,23,232033,一宮市,いちのみやし,city,https://www.city.ichinomiya.aichi.jp/,,basic,published,2026-07-26
jp-23204,23,232041,瀬戸市,せとし,city,https://www.city.seto.aichi.jp/,,basic,published,2026-07-26
jp-23205,23,232050,半田市,はんだし,city,https://www.city.handa.lg.jp/,,basic,published,2026-07-26
jp-23206,23,232068,春日井市,かすがいし,city,https://www.city.kasugai.lg.jp/,,basic,published,2026-07-26
jp-23207,23,232076,豊川市,とよかわし,city,https://www.city.toyokawa.lg.jp/,,basic,published,2026-07-26
jp-24202,24,242020,四日市市,よっかいちし,city,https://www.city.yokkaichi.lg.jp/,,basic,published,2026-07-26
jp-24203,24,242039,伊勢市,いせし,city,https://www.city.ise.mie.jp/,,basic,published,2026-07-26
jp-24204,24,242047,松阪市,まつさかし,city,https://www.city.matsusaka.mie.jp/,,basic,published,2026-07-26
jp-24205,24,242055,桑名市,くわなし,city,https://www.city.kuwana.lg.jp/,,basic,published,2026-07-26
jp-24207,24,242071,鈴鹿市,すずかし,city,https://www.city.suzuka.lg.jp/,,basic,published,2026-07-26
jp-24208,24,242080,名張市,なばりし,city,https://www.city.nabari.lg.jp/,,basic,published,2026-07-26
jp-25202,25,252026,彦根市,ひこねし,city,https://www.city.hikone.lg.jp/,,basic,published,2026-07-26
jp-25203,25,252034,長浜市,ながはまし,city,https://www.city.nagahama.lg.jp/,,basic,published,2026-07-26
jp-25206,25,252069,草津市,くさつし,city,https://www.city.kusatsu.shiga.jp/,,basic,published,2026-07-26
jp-25207,25,252077,守山市,もりやまし,city,https://www.city.moriyama.lg.jp/,,basic,published,2026-07-26
jp-25210,25,252107,野洲市,やすし,city,https://www.city.yasu.lg.jp/,,basic,published,2026-07-26
jp-25212,25,252123,高島市,たかしまし,city,https://www.city.takashima.lg.jp/,,basic,published,2026-07-26
jp-26201,26,262013,福知山市,ふくちやまし,city,https://www.city.fukuchiyama.lg.jp/,,basic,published,2026-07-26
jp-26202,26,262021,舞鶴市,まいづるし,city,https://www.city.maizuru.kyoto.jp/,,basic,published,2026-07-26
jp-26203,26,262030,綾部市,あやべし,city,https://www.city.ayabe.lg.jp/,,basic,published,2026-07-26
jp-26204,26,262048,宇治市,うじし,city,https://www.city.uji.kyoto.jp/,,basic,published,2026-07-26
jp-26205,26,262056,宮津市,みやづし,city,https://www.city.miyazu.kyoto.jp/,,basic,published,2026-07-26
jp-26206,26,262064,亀岡市,かめおかし,city,https://www.city.kameoka.kyoto.jp/,,basic,published,2026-07-26
jp-26210,26,262102,八幡市,やわたし,city,https://www.city.yawata.kyoto.jp/,,basic,published,2026-07-26
jp-27204,27,272043,池田市,いけだし,city,https://www.city.ikeda.osaka.jp/,,basic,published,2026-07-26
jp-27208,27,272086,貝塚市,かいづかし,city,https://www.city.kaizuka.lg.jp/,,basic,published,2026-07-26
jp-27209,27,272094,守口市,もりぐちし,city,https://www.city.moriguchi.osaka.jp/,,basic,published,2026-07-26
jp-27211,27,272116,茨木市,いばらきし,city,https://www.city.ibaraki.osaka.jp/,,basic,published,2026-07-26
jp-27213,27,272132,泉佐野市,いずみさのし,city,https://www.city.izumisano.lg.jp/,,basic,published,2026-07-26
jp-27214,27,272140,富田林市,とんだばやしし,city,https://www.city.tondabayashi.lg.jp/,,basic,published,2026-07-26
jp-28201,28,282014,姫路市,ひめじし,city,https://www.city.himeji.lg.jp/,,basic,published,2026-07-26
jp-28202,28,282022,尼崎市,あまがさきし,city,https://www.city.amagasaki.hyogo.jp/,,basic,published,2026-07-26
jp-28203,28,282030,明石市,あかしし,city,https://www.city.akashi.lg.jp/,,basic,published,2026-07-26
jp-28205,28,282057,洲本市,すもとし,city,https://www.city.sumoto.lg.jp/,,basic,published,2026-07-26
jp-28206,28,282065,芦屋市,あしやし,city,https://www.city.ashiya.lg.jp/,,basic,published,2026-07-26
jp-28207,28,282073,伊丹市,いたみし,city,https://www.city.itami.lg.jp/,,basic,published,2026-07-26
jp-28208,28,282081,相生市,あいおいし,city,https://www.city.aioi.lg.jp/,,basic,published,2026-07-26
jp-29201,29,292010,奈良市,ならし,city,https://www.city.nara.lg.jp/,0742-34-1111,standard,published,2026-07-26
jp-29202,29,292028,大和高田市,やまとたかだし,city,https://www.city.yamatotakada.nara.jp/,,basic,published,2026-07-26
jp-29204,29,292044,天理市,てんりし,city,https://www.city.tenri.nara.jp/,,basic,published,2026-07-26
jp-29205,29,292052,橿原市,かしはらし,city,https://www.city.kashihara.nara.jp/,,basic,published,2026-07-26
jp-29206,29,292060,桜井市,さくらいし,city,https://www.city.sakurai.lg.jp/,,basic,published,2026-07-26
jp-29208,29,292087,御所市,ごせし,city,https://www.city.gose.nara.jp/,,basic,published,2026-07-26
jp-30201,30,302015,和歌山市,わかやまし,city,https://www.city.wakayama.wakayama.jp/,073-432-0001,standard,published,2026-07-26
jp-30202,30,302023,海南市,かいなんし,city,https://www.city.kainan.lg.jp/,,basic,published,2026-07-26
jp-30203,30,302031,橋本市,はしもとし,city,https://www.city.hashimoto.lg.jp/,,basic,published,2026-07-26
jp-30204,30,302040,有田市,ありだし,city,https://www.city.arida.lg.jp/,,basic,published,2026-07-26
jp-30206,30,302066,田辺市,たなべし,city,https://www.city.tanabe.lg.jp/,,basic,published,2026-07-26
jp-30208,30,302082,紀の川市,きのかわし,city,https://www.city.kinokawa.lg.jp/,,basic,published,2026-07-26
jp-31201,31,312011,鳥取市,とっとりし,city,https://www.city.tottori.lg.jp/,0857-22-8111,standard,published,2026-07-26
jp-31202,31,312029,米子市,よなごし,city,https://www.city.yonago.lg.jp/,,basic,published,2026-07-26
jp-31203,31,312037,倉吉市,くらよしし,city,https://www.city.kurayoshi.lg.jp/,,basic,published,2026-07-26
jp-31204,31,312045,境港市,さかいみなとし,city,https://www.city.sakaiminato.lg.jp/,,basic,published,2026-07-26
jp-31325,31,313254,若桜町,わかさちょう,town,https://www.town.wakasa.tottori.jp/,,basic,published,2026-07-26
jp-31329,31,313297,八頭町,やずちょう,town,https://www.town.yazu.tottori.jp/,,basic,published,2026-07-26
jp-32201,32,322016,松江市,まつえし,city,https://www.city.matsue.lg.jp/,0852-55-5555,standard,published,2026-07-26
jp-32203,32,322032,出雲市,いずもし,city,https://www.city.izumo.shimane.jp/,,basic,published,2026-07-26
jp-32204,32,322040,益田市,ますだし,city,https://www.city.masuda.lg.jp/,,basic,published,2026-07-26
jp-32206,32,322067,安来市,やすぎし,city,https://www.city.yasugi.shimane.jp/,,basic,published,2026-07-26
jp-32209,32,322091,雲南市,うんなんし,city,https://www.city.unnan.shimane.jp/,,basic,published,2026-07-26
jp-33202,33,332020,倉敷市,くらしきし,city,https://www.city.kurashiki.okayama.jp/,,basic,published,2026-07-26
jp-33203,33,332038,津山市,つやまし,city,https://www.city.tsuyama.lg.jp/,,basic,published,2026-07-26
jp-33204,33,332046,玉野市,たまのし,city,https://www.city.tamano.lg.jp/,,basic,published,2026-07-26
jp-33205,33,332054,笠岡市,かさおかし,city,https://www.city.kasaoka.okayama.jp/,,basic,published,2026-07-26
jp-33207,33,332070,井原市,いばらし,city,https://www.city.ibara.okayama.jp/,,basic,published,2026-07-26
jp-33209,33,332097,高梁市,たかはしし,city,https://www.city.takahashi.lg.jp/,,basic,published,2026-07-26
jp-34100,34,341002,広島市,ひろしまし,city,https://www.city.hiroshima.lg.jp/,082-245-2111,standard,published,2026-07-26
jp-34202,34,342025,呉市,くれし,city,https://www.city.kure.lg.jp/,,basic,published,2026-07-26
jp-34203,34,342033,竹原市,たけはらし,city,https://www.city.takehara.lg.jp/,,basic,published,2026-07-26
jp-34204,34,342041,三原市,みはらし,city,https://www.city.mihara.hiroshima.jp/,,basic,published,2026-07-26
jp-34205,34,342050,尾道市,おのみちし,city,https://www.city.onomichi.hiroshima.jp/,,basic,published,2026-07-26
jp-34207,34,342076,福山市,ふくやまし,city,https://www.city.fukuyama.hiroshima.jp/,,basic,published,2026-07-26
jp-35201,35,352012,下関市,しものせきし,city,https://www.city.shimonoseki.lg.jp/,,basic,published,2026-07-26
jp-35202,35,352020,宇部市,うべし,city,https://www.city.ube.yamaguchi.jp/,,basic,published,2026-07-26
jp-35203,35,352039,山口市,やまぐちし,city,https://www.city.yamaguchi.lg.jp/,083-922-4111,standard,published,2026-07-26
jp-35204,35,352047,萩市,はぎし,city,https://www.city.hagi.lg.jp/,,basic,published,2026-07-26
jp-35207,35,352071,下松市,くだまつし,city,https://www.city.kudamatsu.lg.jp/,,basic,published,2026-07-26
jp-36201,36,362018,徳島市,とくしまし,city,https://www.city.tokushima.tokushima.jp/,088-621-5111,standard,published,2026-07-26
jp-36202,36,362026,鳴門市,なるとし,city,https://www.city.naruto.lg.jp/,,basic,published,2026-07-26
jp-36203,36,362034,小松島市,こまつしまし,city,https://www.city.komatsushima.lg.jp/,,basic,published,2026-07-26
jp-36205,36,362050,吉野川市,よしのがわし,city,https://www.city.yoshinogawa.lg.jp/,,basic,published,2026-07-26
jp-36206,36,362069,阿波市,あわし,city,https://www.city.awa.lg.jp/,,basic,published,2026-07-26
jp-37201,37,372013,高松市,たかまつし,city,https://www.city.takamatsu.kagawa.jp/,087-839-2011,standard,published,2026-07-26
jp-37202,37,372021,丸亀市,まるがめし,city,https://www.city.marugame.lg.jp/,,basic,published,2026-07-26
jp-37203,37,372030,坂出市,さかいでし,city,https://www.city.sakaide.lg.jp/,,basic,published,2026-07-26
jp-37205,37,372056,観音寺市,かんおんじし,city,https://www.city.kanonji.kagawa.jp/,,basic,published,2026-07-26
jp-37206,37,372064,さぬき市,さぬきし,city,https://www.city.sanuki.lg.jp/,,basic,published,2026-07-26
jp-37208,37,372080,三豊市,みとよし,city,https://www.city.mitoyo.lg.jp/,,basic,published,2026-07-26
jp-38201,38,382019,松山市,まつやまし,city,https://www.city.matsuyama.ehime.jp/,089-948-6688,standard,published,2026-07-26
jp-38202,38,382027,今治市,いまばりし,city,https://www.city.imabari.ehime.jp/,,basic,published,2026-07-26
jp-38203,38,382035,宇和島市,うわじまし,city,https://www.city.uwajima.ehime.jp/,,basic,published,2026-07-26
jp-38204,38,382043,八幡浜市,やわたはまし,city,https://www.city.yawatahama.ehime.jp/,,basic,published,2026-07-26
jp-38205,38,382051,新居浜市,にいはまし,city,https://www.city.niihama.lg.jp/,,basic,published,2026-07-26
jp-38210,38,382108,伊予市,いよし,city,https://www.city.iyo.lg.jp/,,basic,published,2026-07-26
jp-39202,39,392022,室戸市,むろとし,city,https://www.city.muroto.kochi.jp/,,basic,published,2026-07-26
jp-39203,39,392030,安芸市,あきし,city,https://www.city.aki.kochi.jp/,,basic,published,2026-07-26
jp-39204,39,392049,南国市,なんこくし,city,https://www.city.nankoku.lg.jp/,,basic,published,2026-07-26
jp-39206,39,392065,須崎市,すさきし,city,https://www.city.susaki.lg.jp/,,basic,published,2026-07-26
jp-39208,39,392081,宿毛市,すくもし,city,https://www.city.sukumo.kochi.jp/,,basic,published,2026-07-26
jp-40203,40,402036,久留米市,くるめし,city,https://www.city.kurume.fukuoka.jp/,,basic,published,2026-07-26
jp-40205,40,402052,飯塚市,いいづかし,city,https://www.city.iizuka.lg.jp/,,basic,published,2026-07-26
jp-40207,40,402079,柳川市,やながわし,city,https://www.city.yanagawa.fukuoka.jp/,,basic,published,2026-07-26
jp-40210,40,402109,八女市,やめし,city,https://www.city.yame.fukuoka.jp/,,basic,published,2026-07-26
jp-40211,40,402117,筑後市,ちくごし,city,https://www.city.chikugo.lg.jp/,,basic,published,2026-07-26
jp-40213,40,402133,行橋市,ゆくはしし,city,https://www.city.yukuhashi.fukuoka.jp/,,basic,published,2026-07-26
jp-41201,41,412015,佐賀市,さがし,city,https://www.city.saga.lg.jp/,0952-24-3151,standard,published,2026-07-26
jp-41202,41,412023,唐津市,からつし,city,https://www.city.karatsu.lg.jp/,,basic,published,2026-07-26
jp-41203,41,412031,鳥栖市,とすし,city,https://www.city.tosu.lg.jp/,,basic,published,2026-07-26
jp-41204,41,412040,多久市,たくし,city,https://www.city.taku.lg.jp/,,basic,published,2026-07-26
jp-41205,41,412058,伊万里市,いまりし,city,https://www.city.imari.lg.jp/,,basic,published,2026-07-26
jp-41206,41,412066,武雄市,たけおし,city,https://www.city.takeo.lg.jp/,,basic,published,2026-07-26
jp-42201,42,422011,長崎市,ながさきし,city,https://www.city.nagasaki.lg.jp/,095-822-8888,standard,published,2026-07-26
jp-42202,42,422029,佐世保市,させぼし,city,https://www.city.sasebo.lg.jp/,,basic,published,2026-07-26
jp-42203,42,422037,島原市,しまばらし,city,https://www.city.shimabara.lg.jp/,,basic,published,2026-07-26
jp-42204,42,422045,諫早市,いさはやし,city,https://www.city.isahaya.nagasaki.jp/,,basic,published,2026-07-26
jp-42207,42,422070,平戸市,ひらどし,city,https://www.city.hirado.nagasaki.jp/,,basic,published,2026-07-26
jp-42210,42,422100,壱岐市,いきし,city,https://www.city.iki.nagasaki.jp/,,basic,published,2026-07-26
jp-43202,43,432024,八代市,やつしろし,city,https://www.city.yatsushiro.lg.jp/,,basic,published,2026-07-26
jp-43203,43,432032,人吉市,ひとよしし,city,https://www.city.hitoyoshi.lg.jp/,,basic,published,2026-07-26
jp-43204,43,432040,荒尾市,あらおし,city,https://www.city.arao.lg.jp/,,basic,published,2026-07-26
jp-43205,43,432059,水俣市,みなまたし,city,https://www.city.minamata.lg.jp/,,basic,published,2026-07-26
jp-43208,43,432083,山鹿市,やまがし,city,https://www.city.yamaga.kumamoto.jp/,,basic,published,2026-07-26
jp-43210,43,432105,菊池市,きくちし,city,https://www.city.kikuchi.lg.jp/,,basic,published,2026-07-26
jp-44202,44,442020,別府市,べっぷし,city,https://www.city.beppu.oita.jp/,,basic,published,2026-07-26
jp-44205,44,442054,佐伯市,さいきし,city,https://www.city.saiki.oita.jp/,,basic,published,2026-07-26
jp-44206,44,442062,臼杵市,うすきし,city,https://www.city.usuki.oita.jp/,,basic,published,2026-07-26
jp-44207,44,442070,津久見市,つくみし,city,https://www.city.tsukumi.oita.jp/,,basic,published,2026-07-26
jp-44208,44,442089,竹田市,たけたし,city,https://www.city.taketa.oita.jp/,,basic,published,2026-07-26
jp-44209,44,442097,豊後高田市,ぶんごたかだし,city,https://www.city.bungotakada.oita.jp/,,basic,published,2026-07-26
jp-45201,45,452017,宮崎市,みやざきし,city,https://www.city.miyazaki.miyazaki.jp/,0985-25-2111,standard,published,2026-07-26
jp-45203,45,452033,延岡市,のべおかし,city,https://www.city.nobeoka.miyazaki.jp/,,basic,published,2026-07-26
jp-45204,45,452041,日南市,にちなんし,city,https://www.city.nichinan.lg.jp/,,basic,published,2026-07-26
jp-45205,45,452050,小林市,こばやしし,city,https://www.city.kobayashi.lg.jp/,,basic,published,2026-07-26
jp-45207,45,452076,串間市,くしまし,city,https://www.city.kushima.lg.jp/,,basic,published,2026-07-26
jp-45208,45,452084,西都市,さいとし,city,https://www.city.saito.lg.jp/,,basic,published,2026-07-26
jp-46201,46,462012,鹿児島市,かごしまし,city,https://www.city.kagoshima.lg.jp/,099-224-1111,standard,published,2026-07-26
jp-46203,46,462039,鹿屋市,かのやし,city,https://www.city.kanoya.lg.jp/,,basic,published,2026-07-26
jp-46204,46,462047,枕崎市,まくらざきし,city,https://www.city.makurazaki.lg.jp/,,basic,published,2026-07-26
jp-46206,46,462063,阿久根市,あくねし,city,https://www.city.akune.lg.jp/,,basic,published,2026-07-26
jp-46210,46,462101,指宿市,いぶすきし,city,https://www.city.ibusuki.lg.jp/,,basic,published,2026-07-26
jp-46213,46,462136,西之表市,にしのおもてし,city,https://www.city.nishinoomote.lg.jp/,,basic,published,2026-07-26
jp-47205,47,472050,宜野湾市,ぎのわんし,city,https://www.city.ginowan.lg.jp/,,basic,published,2026-07-26
jp-47207,47,472077,石垣市,いしがきし,city,https://www.city.ishigaki.okinawa.jp/,,basic,published,2026-07-26
jp-47208,47,472085,浦添市,うらそえし,city,https://www.city.urasoe.lg.jp/,,basic,published,2026-07-26
jp-47209,47,472093,名護市,なごし,city,https://www.city.nago.okinawa.jp/,,basic,published,2026-07-26
jp-47210,47,472107,糸満市,いとまんし,city,https://www.city.itoman.lg.jp/,,basic,published,2026-07-26
jp-47211,47,472115,沖縄市,おきなわし,city,https://www.city.okinawa.okinawa.jp/,,basic,published,2026-07-26
jp-06201,06,062014,山形市,やまがたし,city,https://www.city.yamagata-yamagata.lg.jp/,023-641-1212,standard,published,2026-07-26
jp-12100,12,121002,千葉市,ちばし,city,https://www.city.chiba.jp/,043-245-5111,standard,published,2026-07-26
jp-17201,17,172014,金沢市,かなざわし,city,https://www4.city.kanazawa.lg.jp/,076-220-2111,standard,published,2026-07-26
jp-19201,19,192015,甲府市,こうふし,city,https://www.city.kofu.yamanashi.jp/,055-237-1161,standard,published,2026-07-26
jp-24201,24,242012,津市,つし,city,https://www.info.city.tsu.mie.jp/,059-229-3105,standard,published,2026-07-26
jp-25201,25,252018,大津市,おおつし,city,https://www.city.otsu.lg.jp/,077-523-1234,standard,published,2026-07-26
jp-26100,26,261009,京都市,きょうとし,city,https://www.city.kyoto.lg.jp/,075-222-3111,standard,published,2026-07-26
jp-33100,33,331007,岡山市,おかやまし,city,https://www.city.okayama.jp/,086-803-1000,standard,published,2026-07-26
jp-39201,39,392014,高知市,こうちし,city,https://www.city.kochi.kochi.jp/,088-822-8111,standard,published,2026-07-26
jp-43100,43,431001,熊本市,くまもとし,city,https://www.city.kumamoto.jp/,096-328-2111,standard,published,2026-07-26
jp-44201,44,442011,大分市,おおいたし,city,https://www.city.oita.oita.jp/,097-534-6111,standard,published,2026-07-26
