id,municipalityId,categoryId,name,plainName,department,description,postalCode,address,phone,fax,email,contactFormUrl,officialUrl,openingHours,closedDays,reservationRequired,availableMethods,accessibility,languages,emergencyAlternative,sourceId,status,lastVerifiedAt
mito-city-general,ibaraki-mito,unknown,水戸市役所,市役所の代表窓口,水戸市,担当窓口が分からない場合の代表窓口です。,310-8610,茨城県水戸市中央1-4-1,029-224-1111,,,,https://www.city.mito.lg.jp/,8時30分～17時15分,土曜日・日曜日・祝日・12月29日～1月3日,,電話・来所,,,,source-mito-official,published,2026-07-26
mito-welfare-office,ibaraki-mito,money,水戸市福祉事務所（生活福祉課）,福祉と生活保護の相談窓口,福祉部生活福祉課,生活保護の相談受付と生活困窮者自立支援制度を担当します。,310-8610,水戸市中央1-4-1 水戸市役所2階,029-232-9171,029-232-9224,,,https://www.city.mito.lg.jp/soshiki/8.html,8時30分～17時15分,土曜日・日曜日・祝日・年末年始,,電話・来所,,,,source-mito-welfare-department,review_required,2026-07-26
mito-self-reliance,ibaraki-mito,housing,水戸市自立相談支援室,仕事・生活・住まいの相談窓口,福祉部生活福祉課,生活困窮や住まいの相談を包括的に受け付けます。,310-8610,水戸市中央1-4-1 水戸市役所2階 窓口213,029-291-3941,,jiritusien@mito-syakyo.or.jp,,https://www.city.mito.lg.jp/page/3455.html,8時30分～17時,土曜日・日曜日・祝日・年末年始,,電話・来所・メール,,,,source-mito-self-reliance,review_required,2026-07-26
mito-public-assistance,ibaraki-mito,money,生活福祉課保護係,生活保護の相談・申請窓口,福祉部生活福祉課,生活保護の面接相談を受け付けます。,310-8610,水戸市中央1-4-1 水戸市役所2階,029-232-9171,029-232-9224,,,https://www.city.mito.lg.jp/page/4503.html,8時30分～17時15分,土曜日・日曜日・祝日・年末年始,,電話・来所,,,,source-mito-public-assistance,review_required,2026-07-26
mito-syakyo,ibaraki-mito,unknown,社会福祉法人水戸市社会福祉協議会,地域福祉の総合窓口,水戸市社会福祉協議会,地域福祉や生活の困りごとに関する相談先です。,311-4141,茨城県水戸市赤塚1丁目1番地 MIOS2階 水戸市福祉ボランティア会館内,029-309-5001,029-309-5525,,,https://www.mito-syakyo.or.jp/,,,,電話・来所,,,,source-mito-syakyo,review_required,2026-07-26
mito-childcare,ibaraki-mito,children,子育て相談窓口（利用者支援事業）,子育てサービスの相談窓口,こども政策課こども事業係,家庭のニーズに合わせて子育て支援サービスの情報提供や相談支援を行います。,310-8610,水戸市中央1-4-1,029-350-5577,029-232-9288,,,https://www.city.mito.lg.jp/site/kosodate/120024.html,8時30分～17時,土曜日・日曜日・祝日・12月29日～1月3日,,電話・来所,,,,source-mito-childcare,review_required,2026-07-26
mito-single-parent,ibaraki-mito,children,こども政策課,ひとり親家庭の相談窓口,こども政策課,ひとり親家庭の就業・子育て・生活支援や各種手当に関する案内を行います。,310-8610,水戸市中央1-4-1,029-232-9176,,,,https://www.city.mito.lg.jp/site/kosodate/120859.html,,,,電話・来所,,,,source-mito-single-parent,review_required,2026-07-26
mito-disability-east,ibaraki-mito,medical,東部基幹相談支援センター,障害福祉の総合相談窓口,障害福祉課,障害のある方や家族からの一般相談と福祉サービス利用支援を行います。,310-8610,水戸市中央1-4-1 水戸市役所1階 障害福祉課となり,029-303-8981,029-303-8982,,,https://www.city.mito.lg.jp/page/3691.html,8時30分～17時15分,土曜日・日曜日・祝日・年末年始,,電話・来所,,,,source-mito-disability,review_required,2026-07-26
mito-mental-health,ibaraki-mito,mental,こころの健康相談（保健師等）,こころの健康相談,健康づくり課精神保健相談係,保健師・精神保健福祉士・社会福祉士がこころの健康相談に応じます。,310-0852,水戸市笠原町993-13 水戸市保健所,029-243-7311,029-243-7588,,,https://www.city.mito.lg.jp/site/kosodate/1772.html,9時～12時・13時～16時,土曜日・日曜日・祝日・年末年始,true,電話・来所・訪問,,,,source-mito-mental-health,published,2026-07-26
mito-elderly,ibaraki-mito,care,高齢福祉課地域支援センター,高齢者・介護の総合案内,高齢福祉課地域支援センター地域支援事業係,地域包括支援センターや高齢者支援に関する総合案内です。,310-8610,水戸市中央1-4-1 水戸市役所1階,029-232-9110,029-232-9112,,,https://www.city.mito.lg.jp/soshiki/44/index.html,8時30分～17時15分,土曜日・日曜日・祝日・12月29日～1月3日,,電話・来所,,,,source-mito-elderly,review_required,2026-07-26
mito-dv,ibaraki-mito,violence,水戸市配偶者暴力相談支援センター,DV相談窓口,子育て支援課,DVや困難な問題を抱える女性からの相談に応じます。,310-8610,水戸市中央1-4-1 水戸市役所本庁舎2階,029-232-9111,029-350-6882,,,https://www.city.mito.lg.jp/site/shinsei/1623.html,8時30分～17時15分,土曜日・日曜日・祝日・年末年始,,電話・来所,,,緊急時は110,source-mito-dv,review_required,2026-07-26
mito-child-abuse,ibaraki-mito,violence,水戸市こども家庭センター相談係,児童虐待・家庭児童相談窓口,子育て支援課相談係,児童虐待の通告と家庭児童相談を受け付けます。,310-8610,水戸市中央1-4-1,029-232-9111,029-350-6882,,,https://www.city.mito.lg.jp/site/kosodate/2587.html,8時30分～17時15分,土曜日・日曜日・祝日・年末年始,,電話・来所,,,閉庁時は児童相談所虐待対応ダイヤル189,source-mito-child-abuse,review_required,2026-07-26
mito-legal,ibaraki-mito,debt,水戸市役所での無料法律相談,法律・多重債務の相談案内,市民相談室,無料法律相談を案内します。多重債務を含む生活上の法律問題は予約時に相談内容を確認してください。,310-8610,水戸市中央1-4-1,029-232-9109,,,,https://www.city.mito.lg.jp/page/2121.html,第1・2・3・4水曜日 13時～16時,,,電話・面談,,,,source-mito-consultations,review_required,2026-07-26
tsukuba-city-general,ibaraki-tsukuba,unknown,つくば市役所,市役所の代表窓口,つくば市,担当窓口が分からない場合の代表窓口です。,305-8555,茨城県つくば市研究学園一丁目1番地1,029-883-1111,029-868-7548,,,https://www.city.tsukuba.lg.jp/shisetsu/shoshashuchojo/chosha/1002756.html,8時45分～16時30分,土曜日・日曜日・祝日・年末年始,,電話・来所,身障者等用駐車場・点字ブロック・車いす貸出・多目的トイレ・筆談対応,,,source-tsukuba-city-hall,published,2026-07-26
tsukuba-self-reliance,ibaraki-tsukuba,housing,つくば市生活困窮者自立相談支援窓口,仕事・生活・住まいの相談窓口,福祉部生活支援課,生活上の困りごとを一緒に整理して支援計画を作り必要な制度や就労支援につなぎます。,305-8555,茨城県つくば市研究学園一丁目1番地1 つくば市役所2階,029-883-1111,029-868-7543,,,https://www.city.tsukuba.lg.jp/kenko_iryo_fukushi/chiiki/seikasuhogo/1001395.html,8時45分～16時30分,土曜日・日曜日・祝日・年末年始,,電話・来所・訪問,,,,source-tsukuba-self-reliance,published,2026-07-26
tsukuba-public-assistance,ibaraki-tsukuba,money,つくば市生活支援課（福祉事務所）,生活保護の相談・申請窓口,福祉部生活支援課,生活保護の相談と申請を受け付ける福祉事務所の窓口です。,305-8555,茨城県つくば市研究学園一丁目1番地1 つくば市役所2階41番窓口,029-883-1111,029-868-7543,,,https://www.city.tsukuba.lg.jp/kenko_iryo_fukushi/chiiki/seikasuhogo/1001393.html,8時45分～16時30分,土曜日・日曜日・祝日・年末年始,,電話・来所,,,,source-tsukuba-public-assistance,published,2026-07-26
tsukuba-housing-benefit,ibaraki-tsukuba,rent,つくば市住居確保給付金相談窓口,家賃や転居費用の相談窓口,福祉部生活支援課,離職や収入減少などで住まいを失った方や失うおそれがある方の家賃・転居費用を相談できます。,305-8555,茨城県つくば市研究学園一丁目1番地1 つくば市役所2階,029-883-1111,029-868-7543,,,https://www.city.tsukuba.lg.jp/kenko_iryo_fukushi/chiiki/seikasuhogo/1001395.html,8時45分～16時30分,土曜日・日曜日・祝日・年末年始,,電話・来所・訪問,,,,source-tsukuba-self-reliance,published,2026-07-26
tsukuba-social-welfare-council,ibaraki-tsukuba,money,社会福祉法人つくば市社会福祉協議会,社会福祉協議会の相談窓口,本部事務局,生活福祉資金や障害福祉など地域福祉に関する相談先です。,300-3257,茨城県つくば市筑穂一丁目10番地4 大穂庁舎内,029-879-5500,029-879-5501,,,https://tsukuba-swc.or.jp/,,,,電話・来所,,,,source-tsukuba-social-welfare-council,review_required,2026-07-26
tsukuba-parenting-coordinator,ibaraki-tsukuba,children,つくば市子育て総合支援センター 子育てコーディネーター,子育ての悩みを相談できる専門員,こども・保健部こども政策課,子育ての悩みや疑問を専門員に相談でき必要なサービスの情報提供を受けられます。,305-0008,茨城県つくば市流星台61番地1,029-857-9037,,,,https://www.city.tsukuba.lg.jp/kosodateportal/mokutekidesagasu_/kosodate_kosodatenikansurusoudan/28824.html,9時～16時,日曜日・祝日・年末年始,false,電話・来所,個室相談室あり,,,source-tsukuba-parenting-coordinator,published,2026-07-26
tsukuba-child-family,ibaraki-tsukuba,children,つくば市こども未来センター こども家庭相談,子どもと家庭の相談窓口,こども・保健部こども未来センター（こども未来課）,乳幼児から18歳未満の子どもや家庭の悩みを専門の子ども家庭支援員に相談できます。,305-8555,茨城県つくば市研究学園一丁目1番地1,029-883-1111,029-828-6203,,,https://www.city.tsukuba.lg.jp/kosodatenavi/1005675/1005867.html,8時45分～16時30分,土曜日・日曜日・祝日,,電話・来所,,,,source-tsukuba-child-family,published,2026-07-26
tsukuba-single-parent,ibaraki-tsukuba,children,つくば市こども政策課 こども福祉係,ひとり親家庭の相談窓口,こども・保健部こども政策課こども福祉係,母子・父子・寡婦の相談や児童扶養手当・市独自福祉金・福祉資金貸付などを担当します。,305-8555,茨城県つくば市研究学園一丁目1番地1,029-883-1111,029-828-5624,,,https://www.city.tsukuba.lg.jp/shisei/joho/soshiki/kodomo_hoken/1003495.html,8時45分～16時30分,土曜日・日曜日・祝日・年末年始,,電話・来所,,,,source-tsukuba-single-parent,published,2026-07-26
tsukuba-disability,ibaraki-tsukuba,disability,つくば市基幹相談支援センター,障害福祉全般の相談窓口,福祉部障害者地域支援室,身体・知的・精神・発達障害のある方や家族の福祉サービス・日常生活・将来の相談に応じます。,305-8555,茨城県つくば市研究学園一丁目1番地1,029-883-1111,029-868-7544,wef023@city.tsukuba.lg.jp,,https://www.city.tsukuba.lg.jp/soshikikarasagasu/fukushibushogaishachiikishienshitsu/gyomuannai/3/4/1001356.html,8時45分～16時30分,土曜日・日曜日・祝日・年末年始,,電話・来所・訪問・メール,,,,source-tsukuba-disability,published,2026-07-26
tsukuba-mental-health,ibaraki-tsukuba,mental,大穂保健センター こころの健康相談,こころの不調を相談できる窓口,こども・保健部健康増進課,保健師等による随時相談のほか予約制で精神科医にこころの不調や受診の必要性を相談できます。,300-3257,茨城県つくば市筑穂一丁目10番地4,029-864-7841,029-864-1122,,,https://www.city.tsukuba.lg.jp/kenko_iryo_fukushi/kenkoiryo/kokoro/1001308.html,相談日程は公式ページで確認,,,電話・来所,身障者等用駐車場・多目的トイレ・車いす貸出・筆談対応,,生命に差し迫った危険がある場合は110または119,source-tsukuba-mental-health,published,2026-07-26
tsukuba-community-support,ibaraki-tsukuba,care,つくば市地域包括支援センター,高齢者と介護の総合相談窓口,福祉部地域包括支援課,担当地区の地域包括支援センターが分からない場合に相談できる統括窓口です。,305-8555,茨城県つくば市研究学園一丁目1番地1,029-883-1111,029-868-7638,,,https://www.city.tsukuba.lg.jp/soshikikarasagasu/fukushibuchiikihokatsushienka/gyomuannai/2/1/1001335.html,8時30分～17時15分,土曜日・日曜日・祝日・年末年始,,電話・来所,,,,source-tsukuba-community-support,published,2026-07-26
tsukuba-dv,ibaraki-tsukuba,violence,まんまるつくば（つくば市配偶者暴力相談支援センター）,DV・パートナー関係・女性の暮らしの相談窓口,女性相談支援員,パートナーからの暴力や家庭の問題について電話または面談で相談でき秘密は守られます。DV相談は性別を問わず利用できます。,,,029-856-5630,,,,https://www.city.tsukuba.lg.jp/shisei/torikumi/danjo/27767.html,電話9時～16時・面談9時30分～16時,土曜日・日曜日・祝日・年末年始,true,電話・面談,,,今すぐ危険がある場合は110,source-tsukuba-dv,published,2026-07-26
tsukuba-child-abuse,ibaraki-tsukuba,violence,つくば市こども未来センター 児童虐待相談,子どもの安全と虐待の相談窓口,こども・保健部こども未来センター（こども未来課）,児童虐待や子育て・親子関係の悩みを相談できます。,305-8555,茨城県つくば市研究学園一丁目1番地1,029-883-1111,029-828-6203,,,https://www.city.tsukuba.lg.jp/soshikikarasagasu/kodomobukodomomiraicenter/gyomuannai/3/1/1011987.html,8時45分～16時30分,土曜日・日曜日・祝日,,電話・来所,,,緊急時は110・24時間の虐待相談は189,source-tsukuba-child-abuse,published,2026-07-26
tsukuba-multiple-debt,ibaraki-tsukuba,debt,つくば市消費生活センター,借金・多重債務の相談窓口,市民部消費生活センター,多重債務問題の解決を支援し複雑な案件は弁護士相談につなぎます。,305-0031,茨城県つくば市吾妻一丁目10番地1,029-861-1333,029-861-1300,,,https://www.city.tsukuba.lg.jp/kurashi/oshirase/1003978.html,9時～12時・13時～16時,土曜日・日曜日・祝日・12月29日～1月3日,,電話・来所,,,,source-tsukuba-multiple-debt,published,2026-07-26
sapporo-city-general,hokkaido-sapporo,unknown,札幌市役所,市役所の代表窓口,札幌市,担当窓口が分からない場合の代表窓口です。,060-8611,札幌市中央区北1条西2丁目,011-211-2111,,,,https://www.city.sapporo.jp/city/map/,8時45分～17時15分,土曜日・日曜日・祝日・12月29日～1月3日,,電話・来所,,,,source-sapporo-city-hall,published,2026-07-26
sapporo-self-reliance,hokkaido-sapporo,housing,札幌市生活就労支援センター（ステップ）,仕事・生活・住まいの相談窓口,札幌市保健福祉局総務部保護課,仕事や生活に困りごとを抱える方の相談を受け付け状況に応じた就労・生活支援を行います。,060-0042,札幌市中央区大通西6丁目10番地 大通公園ビル7階,011-221-1766,,,,https://www.city.sapporo.jp/fukushi-guide/step.html,9時～17時,土曜日・日曜日・祝日・年末年始,,電話・来所,,,,source-sapporo-step,published,2026-07-26
sapporo-housing-benefit,hokkaido-sapporo,rent,札幌市生活就労支援センター（ステップ）,住居確保給付金の相談・申請窓口,札幌市保健福祉局総務部保護課,離職や収入減少などで住まいを失った方や失うおそれがある方が住居確保給付金を相談できます。,060-0042,札幌市中央区大通西6丁目10番地 大通公園ビル7階,011-221-1766,,,,https://www.city.sapporo.jp/fukushi-guide/step.html,9時～17時,土曜日・日曜日・祝日・年末年始,,電話・来所,,,,source-sapporo-step,published,2026-07-26
sapporo-public-assistance,hokkaido-sapporo,money,各区役所の保護課,生活保護の相談・申請窓口,各区保健福祉部保護課,生活保護の相談と申請はお住まいの区の区役所保護課で受け付けます。,,お住まいの区の区役所,,,,,https://www.city.sapporo.jp/fukushi-guide/seikatuhogo.html,8時45分～17時15分（12時15分～13時を除く）,土曜日・日曜日・祝日・年末年始,,来所,,,,source-sapporo-public-assistance,published,2026-07-26
yokohama-city-general,kanagawa-yokohama,unknown,横浜市役所,市役所の代表窓口,横浜市,担当窓口が分からない場合の代表窓口です。,231-0005,横浜市中区本町6丁目50番地の10,045-671-2121,,,,https://www.city.yokohama.lg.jp/shichosha/iten.html,8時45分～17時15分,土曜日・日曜日・祝日・12月29日～1月3日,,電話・来所,,,,source-yokohama-city-hall,published,2026-07-26
yokohama-self-reliance,kanagawa-yokohama,housing,各区福祉保健センター生活支援課,仕事・生活・住まいの相談窓口,各区福祉保健センター生活支援課,生活に困っている方の状況を整理し就労や家計など必要な支援につなぎます。,,お住まいの区の区役所,,,,,https://www.city.yokohama.lg.jp/kenko-iryo-fukushi/fukushi-kaigo/seikatsu/madoguchi.html,8時45分～17時,土曜日・日曜日・祝日・12月29日～1月3日,,電話・来所,,,,source-yokohama-self-reliance,published,2026-07-26
yokohama-housing-benefit,kanagawa-yokohama,rent,各区福祉保健センター生活支援課,住居確保給付金の相談・申請窓口,各区福祉保健センター生活支援課,離職や収入減少などで住まいを失った方や失うおそれがある方が住居確保給付金を相談できます。,,お住まいの区の区役所,,,,,https://www.city.yokohama.lg.jp/kenko-iryo-fukushi/fukushi-kaigo/seikatsu/jiritsu/jukyokakuho.html,8時45分～17時,土曜日・日曜日・祝日・12月29日～1月3日,,電話・来所,,,,source-yokohama-housing-benefit,published,2026-07-26
yokohama-public-assistance,kanagawa-yokohama,money,各区福祉保健センター生活支援課生活支援係,生活保護の相談・申請窓口,各区福祉保健センター生活支援課生活支援係,生活保護の相談と申請はお住まいの区の生活支援課生活支援係で受け付けます。,,お住まいの区の区役所,,,,,https://www.city.yokohama.lg.jp/faq/kukyoku/kenko/kenko-seikatsu/20211022143404481.html,8時45分～17時（12時～13時を除く）,土曜日・日曜日・祝日・年末年始,,電話・来所,,,,source-yokohama-public-assistance,published,2026-07-26
naha-city-general,okinawa-naha,unknown,那覇市役所,市役所の代表窓口,那覇市,担当窓口が分からない場合の代表窓口です。,900-8585,沖縄県那覇市泉崎1丁目1番1号,098-867-0111,,NAHAINFO@city.naha.lg.jp,,https://www.city.naha.okinawa.jp/about/1005987.html,8時30分～17時15分,土曜日・日曜日・祝日・慰霊の日・12月29日～1月3日,,電話・来所・メール,,,,source-naha-city-hall,published,2026-07-26
naha-self-reliance,okinawa-naha,housing,那覇市 就職・生活支援パーソナルサポートセンター,仕事・生活・住まいの相談窓口,那覇市福祉部保護管理課生活支援グループ,経済的な問題や仕事・家族などの困りごとを包括的・継続的に支援します。,900-0021,那覇市泉崎1丁目20番1号6階 グッジョブセンターおきなわ内,098-917-5348,098-865-5005,,,https://www.city.naha.okinawa.jp/fukusi/shakaifukushi/1003447/1003475.html,9時～12時・13時～16時,土曜日・日曜日・祝日・慰霊の日・年末年始,,電話・来所,,,,source-naha-self-reliance,published,2026-07-26
naha-housing-benefit,okinawa-naha,rent,那覇市 就職・生活支援パーソナルサポートセンター,住居確保給付金の相談・申請窓口,那覇市福祉部保護管理課生活支援グループ,住まいを失った方や失うおそれがある方の住居確保給付金について相談と申請を受け付けます。,900-0021,那覇市泉崎1丁目20番1号6階 グッジョブセンターおきなわ内,098-917-5348,098-865-5005,,,https://www.city.naha.okinawa.jp/fukusi/shakaifukushi/1003447/1003473.html,9時～12時・13時～16時,土曜日・日曜日・祝日・慰霊の日・年末年始,,電話・来所・郵送,,,,source-naha-housing-benefit,published,2026-07-26
naha-public-assistance,okinawa-naha,money,那覇市保護管理課 福祉相談グループ,生活保護の相談・申請窓口,那覇市福祉部保護管理課福祉相談グループ,生活保護の相談と申請を那覇市役所本庁舎2階25番窓口で受け付けます。,900-8585,沖縄県那覇市泉崎1丁目1番1号 那覇市役所本庁舎2階25番窓口,098-862-0515,,,,https://www.info.city.naha.okinawa.jp/seikatsunoenjo/y000538.html,9時～11時30分・13時～16時30分,土曜日・日曜日・祝日・年末年始,,電話・来所,,,,source-naha-public-assistance,published,2026-07-26
sendai-city-general,miyagi-sendai,unknown,仙台市役所,市役所の代表窓口,仙台市,担当窓口が分からない場合の代表窓口です。,980-8671,宮城県仙台市青葉区国分町3丁目7番1号,022-261-1111,,,,https://www.city.sendai.jp/sesakukoho/kurashi/shisetsu/kokyo/shiyakusho/public-office/1312.html,8時30分～17時,土曜日・日曜日・祝日・12月29日～1月3日,,電話・来所,,,,source-sendai-city-hall,published,2026-07-26
sendai-self-reliance,miyagi-sendai,housing,仙台市生活自立・仕事相談センター「わんすてっぷ」,仕事・生活・住まいの相談窓口,仙台市健康福祉局保護自立支援課,生活や仕事や住まいの困りごとをワンストップで相談できます。,,仙台市青葉区二日町6-6 シャンボール青葉2階,022-395-8865,,info-cw@personal-support.org,,https://www.city.sendai.jp/hogoshien/kurashi/tetsuzuki/sekatsu/sekatsu/shien.html,平日9時～18時,土曜日・日曜日・祝日,,電話・来所・メール・訪問,,,,source-sendai-one-step,published,2026-07-26
sendai-housing-benefit,miyagi-sendai,rent,各区役所・宮城総合支所の住居確保給付金担当課,住居確保給付金の相談・申請窓口,各区保健福祉センター保護課・宮城総合支所管理課,住居確保給付金の相談と申請は住所を担当する区役所または宮城総合支所で受け付けます。,,お住まいの区の区役所または宮城総合支所,,,,,https://www.city.sendai.jp/hogoshien/kurashi/tetsuzuki/sekatsu/sekatsu/jukyokakuhokyufukin.html,8時30分～17時,土曜日・日曜日・祝日・12月29日～1月3日,true,電話・来所・郵送,,,,source-sendai-housing-benefit,published,2026-07-26
sendai-public-assistance,miyagi-sendai,money,各区役所・宮城総合支所の生活保護担当課,生活保護の相談・申請窓口,各区保健福祉センター保護課・宮城総合支所管理課,生活保護の相談と申請は住所を担当する区役所または宮城総合支所で受け付けます。,,お住まいの区の区役所または宮城総合支所,,,,,https://www.city.sendai.jp/hogoshien/kurashi/tetsuzuki/sekatsu/sekatsu/sekatsuhogo.html,8時30分～17時,土曜日・日曜日・祝日・12月29日～1月3日,,来所,,,,source-sendai-public-assistance,published,2026-07-26
nagoya-city-general,aichi-nagoya,unknown,名古屋市役所,市役所の代表窓口,名古屋市,担当窓口が分からない場合の代表窓口です。,460-8508,名古屋市中区三の丸三丁目1番1号,052-961-1111,,,,https://www.city.nagoya.jp/shisei/gaiyou/1015754/1015760/1033895.html,8時45分～17時15分,土曜日・日曜日・祝日・年末年始,,電話・来所,,,,source-nagoya-city-hall,published,2026-07-26
nagoya-self-reliance,aichi-nagoya,housing,名古屋市仕事・暮らし自立サポートセンター名駅,仕事・生活・住まいの相談窓口,名古屋市健康福祉局地域共生推進部地域共生推進課,生活や仕事や家計や住まいの困りごとを相談できます。,,名古屋市中村区名駅南一丁目5番17号 ネットプラザ柳橋ビル3階,052-446-7333,052-446-7555,sigoto.kurasi@support-nagoya.jp,,https://www.city.nagoya.jp/kenkofukushi/fukushi/1016735/1016739.html,月曜日～金曜日と第2・第3土曜日の9時～17時（火曜日は20時まで）,祝日・年末年始,,電話・来所・メール,,,,source-nagoya-support-meieki,published,2026-07-26
nagoya-housing-benefit,aichi-nagoya,rent,名古屋市仕事・暮らし自立サポートセンター名駅,住居確保給付金の相談窓口,名古屋市健康福祉局地域共生推進部地域共生推進課,住居確保給付金の相談と申請手続きの案内を受けられます。,,名古屋市中村区名駅南一丁目5番17号 ネットプラザ柳橋ビル3階,052-446-7333,052-446-7555,sigoto.kurasi@support-nagoya.jp,,https://www.city.nagoya.jp/kenkofukushi/fukushi/1016735/1016738.html,月曜日～金曜日と第2・第3土曜日の9時～17時（火曜日は20時まで）,祝日・年末年始,,電話・来所・メール,,,,source-nagoya-housing-benefit,published,2026-07-26
nagoya-public-assistance,aichi-nagoya,money,各区役所・支所の生活保護相談窓口,生活保護の相談・申請窓口,各区役所保健福祉センター民生子ども課・支所区民福祉課,生活保護の相談と申請は住所を担当する区役所または支所で受け付けます。,,お住まいの区の区役所または支所,,,,,https://www.city.nagoya.jp/kenkofukushi/fukushi/1051323/1016734.html,8時45分～17時15分,土曜日・日曜日・祝日・年末年始,,来所,,,,source-nagoya-public-assistance,published,2026-07-26
kobe-city-general,hyogo-kobe,unknown,神戸市お問い合わせセンター,市役所の総合案内,神戸市,担当窓口が分からない場合に市の制度や手続きを案内する総合窓口です。,650-8570,神戸市中央区加納町6丁目5番1号,078-333-3330,078-333-3314,,https://contact.city.kobe.lg.jp/,https://www.city.kobe.lg.jp/contact/,8時～21時,年中無休,,電話・ファクス・フォーム,,,,source-kobe-city-contact,published,2026-07-26
kobe-self-reliance,hyogo-kobe,housing,各区役所・支所のくらし支援窓口,仕事・生活・住まいの相談窓口,各区役所保健福祉部・支所生活支援課,経済的な困りごとを整理し就労や家計や住まいなど必要な支援につなぎます。,,お住まいの区の区役所または支所,,,,,https://www.city.kobe.lg.jp/a38463/kenko/chiikifukushi/sekatsukonkyusha/gaiyou.html,,,,電話・来所・訪問,,,,source-kobe-life-support,published,2026-07-26
kobe-housing-benefit,hyogo-kobe,rent,各区役所・支所のくらし支援窓口,住居確保給付金の相談・申請窓口,各区役所保健福祉部・支所生活支援課,住居確保給付金の制度説明と申請は住所を担当するくらし支援窓口で受け付けます。,,お住まいの区の区役所または支所,,,,,https://www.city.kobe.lg.jp/a38463/kenko/chiikifukushi/sekatsukonkyusha/gaiyou.html,,,,電話・来所・郵送,,,,source-kobe-housing-benefit,published,2026-07-26
kobe-public-assistance,hyogo-kobe,money,各区役所・支所のくらし支援窓口,生活保護の相談・申請窓口,各区役所保健福祉部・支所生活支援課,生活保護の相談と申請は住所を担当する福祉事務所のくらし支援窓口で受け付けます。,,お住まいの区の区役所または支所,,,,,https://www.city.kobe.lg.jp/a49925/kenko/chiikifukushi/care/111.html,,,,来所,,,,source-kobe-public-assistance,published,2026-07-26
fukuoka-city-general,fukuoka-fukuoka,unknown,福岡市役所,市役所の代表窓口,福岡市,担当窓口が分からない場合の代表窓口です。,810-8620,福岡市中央区天神一丁目8番1号,092-711-4111,,,,https://www.city.fukuoka.lg.jp/shicho/koho/shisei/060.html,8時45分～17時15分,土曜日・日曜日・祝日・年末年始,,電話・来所,,,,source-fukuoka-city-hall,published,2026-07-26
fukuoka-self-reliance,fukuoka-fukuoka,housing,福岡市生活自立支援センター,仕事・生活・住まいの相談窓口,福岡市福祉局生活福祉部生活自立支援課,生活や仕事や家計や住まいの困りごとを相談できます。,810-0001,福岡市中央区天神1丁目4番2号 エルガーラオフィス棟7階,0120-17-3456,092-732-1190,,,https://www.city.fukuoka.lg.jp/fukushi/seikatujiritu/life/seikatsuniokomarinokata_2_2.html,平日9時～17時,土曜日・日曜日・祝日・年末年始,true,電話・来所,,,,source-fukuoka-life-support,published,2026-07-26
fukuoka-housing-benefit,fukuoka-fukuoka,rent,福岡市生活自立支援センター,住居確保給付金の相談・申請窓口,福岡市福祉局生活福祉部生活自立支援課,住居確保給付金の相談と申請手続きの案内を受けられます。,810-0001,福岡市中央区天神1丁目4番2号 エルガーラオフィス棟7階,0120-17-3456,092-732-1190,,,https://www.city.fukuoka.lg.jp/fukushi/seikatujiritu/health/jyukyokakuhokyuhukin_3_2.html,9時～17時,土曜日・日曜日・祝日・年末年始,,電話・来所,,,,source-fukuoka-housing-benefit,published,2026-07-26
fukuoka-public-assistance,fukuoka-fukuoka,money,生活保護ホットライン,生活保護の相談窓口,福岡市福祉局生活福祉部保護課,生活保護に関する相談を市全域から受け付ける電話窓口です。,,福岡市,092-711-1162,,,,https://www.city.fukuoka.lg.jp/soudan/hukushi.html,平日10時～12時・13時～16時,土曜日・日曜日・祝日・年末年始,,電話,,,,source-fukuoka-public-assistance,published,2026-07-26
jp-02201-city-general,jp-02201,unknown,青森市役所,市役所・区役所の代表窓口,青森市,担当窓口が分からない場合の代表窓口です。,030-8555,青森市中央1-22-5,017-734-1111,,,,https://www.city.aomori.aomori.jp/,,,,電話・来所,,,,source-capital-jp-02201-city,published,2026-07-26
jp-02201-self-reliance,jp-02201,money,青森市自立相談支援窓口,生活や仕事の困りごと相談,青森市自立相談支援窓口,仕事・家計・住まいなど、生活上の困りごとを相談できます。,,青森市本町4丁目1番3号 青森市福祉増進センター内,017-723-1340,,,,https://corona-support.mhlw.go.jp/jukyokakuhokyufukin/counter.html,,,,電話・来所,,,,source-mhlw-housing-counter,published,2026-07-26
jp-02201-housing-benefit,jp-02201,rent,青森市自立相談支援窓口（住居確保給付金）,家賃・住居確保給付金の相談窓口,青森市自立相談支援窓口,住居確保給付金の相談・申請を受け付ける窓口です。,,青森市本町4丁目1番3号 青森市福祉増進センター内,017-723-1340,,,,https://corona-support.mhlw.go.jp/jukyokakuhokyufukin/counter.html,,,,電話・来所,,,,source-mhlw-housing-counter,published,2026-07-26
jp-02201-public-assistance,jp-02201,money,青森市生活福祉一・二課,生活保護の相談・申請窓口,福祉部生活福祉一・二課,生活保護の相談・申請を受け付けます。申請は本人の意思で行うことができます。,,青森市中央1-22-5,017-734-1111,,,,https://www.city.aomori.aomori.jp/hukushi_kenkou/hukushi/1002937/1007947/1002938.html,,,,電話・来所,,,,source-capital-jp-02201-public,published,2026-07-26
jp-03201-city-general,jp-03201,unknown,盛岡市役所,市役所・区役所の代表窓口,盛岡市,担当窓口が分からない場合の代表窓口です。,020-8530,盛岡市内丸12-2,019-651-4111,,,,https://www.city.morioka.iwate.jp/,,,,電話・来所,,,,source-capital-jp-03201-city,published,2026-07-26
jp-03201-self-reliance,jp-03201,money,盛岡市くらしの相談支援室,生活や仕事の困りごと相談,盛岡市くらしの相談支援室,仕事・家計・住まいなど、生活上の困りごとを相談できます。,,,019-626-1215,,,,https://corona-support.mhlw.go.jp/jukyokakuhokyufukin/counter.html,,,,電話・来所,,,,source-mhlw-housing-counter,published,2026-07-26
jp-03201-housing-benefit,jp-03201,rent,盛岡市くらしの相談支援室（住居確保給付金）,家賃・住居確保給付金の相談窓口,盛岡市くらしの相談支援室,住居確保給付金の相談・申請を受け付ける窓口です。,,,019-626-1215,,,,https://corona-support.mhlw.go.jp/jukyokakuhokyufukin/counter.html,,,,電話・来所,,,,source-mhlw-housing-counter,published,2026-07-26
jp-03201-public-assistance,jp-03201,money,盛岡市生活福祉第一・第二課,生活保護の相談・申請窓口,保健福祉部生活福祉第一・第二課,生活保護の相談・申請を受け付けます。申請は本人の意思で行うことができます。,,盛岡市内丸3-46 内丸分庁舎3階,019-626-7510,,,,https://www.city.morioka.iwate.jp/kenkou/seikatsufukushi/seikatsuhogo/1006442.html,,,,電話・来所,,,,source-capital-jp-03201-public,published,2026-07-26
jp-05201-city-general,jp-05201,unknown,秋田市役所,市役所・区役所の代表窓口,秋田市,担当窓口が分からない場合の代表窓口です。,010-8560,秋田市山王1-1-1,018-863-2222,,,,https://www.city.akita.lg.jp/,,,,電話・来所,,,,source-capital-jp-05201-city,published,2026-07-26
jp-05201-self-reliance,jp-05201,money,秋田市福祉総務課生活支援担当,生活や仕事の困りごと相談,秋田市福祉総務課生活支援担当,仕事・家計・住まいなど、生活上の困りごとを相談できます。,,,018-888-5659,,,,https://corona-support.mhlw.go.jp/jukyokakuhokyufukin/counter.html,,,,電話・来所,,,,source-mhlw-housing-counter,published,2026-07-26
jp-05201-housing-benefit,jp-05201,rent,秋田市福祉総務課生活支援担当（住居確保給付金）,家賃・住居確保給付金の相談窓口,秋田市福祉総務課生活支援担当,住居確保給付金の相談・申請を受け付ける窓口です。,,,018-888-5659,,,,https://corona-support.mhlw.go.jp/jukyokakuhokyufukin/counter.html,,,,電話・来所,,,,source-mhlw-housing-counter,published,2026-07-26
jp-05201-public-assistance,jp-05201,money,秋田市保護第一・第二課,生活保護の相談・申請窓口,福祉保健部保護第一・第二課,生活保護の相談・申請を受け付けます。申請は本人の意思で行うことができます。,,秋田市山王1-1-1 本庁舎1階,018-888-5669,,,,https://www.city.akita.lg.jp/kurashi/okomarinokata/1025668/1025664.html,,,,電話・来所,,,,source-capital-jp-05201-public,published,2026-07-26
jp-06201-city-general,jp-06201,unknown,山形市役所,市役所・区役所の代表窓口,山形市,担当窓口が分からない場合の代表窓口です。,990-8540,山形市旅篭町2-3-25,023-641-1212,,,,https://www.city.yamagata-yamagata.lg.jp/,,,,電話・来所,,,,source-capital-jp-06201-city,published,2026-07-26
jp-06201-self-reliance,jp-06201,money,山形市生活サポート相談窓口,生活や仕事の困りごと相談,山形市生活サポート相談窓口,仕事・家計・住まいなど、生活上の困りごとを相談できます。,,,023-676-7223,,,,https://corona-support.mhlw.go.jp/jukyokakuhokyufukin/counter.html,,,,電話・来所,,,,source-mhlw-housing-counter,published,2026-07-26
jp-06201-housing-benefit,jp-06201,rent,山形市生活サポート相談窓口（住居確保給付金）,家賃・住居確保給付金の相談窓口,山形市生活サポート相談窓口,住居確保給付金の相談・申請を受け付ける窓口です。,,,023-676-7223,,,,https://corona-support.mhlw.go.jp/jukyokakuhokyufukin/counter.html,,,,電話・来所,,,,source-mhlw-housing-counter,published,2026-07-26
jp-06201-public-assistance,jp-06201,money,山形市生活支援課,生活保護の相談・申請窓口,福祉推進部生活支援課,生活保護の相談・申請を受け付けます。申請は本人の意思で行うことができます。,,山形市旅篭町2-3-25,023-641-1212,,,,https://www.city.yamagata-yamagata.lg.jp/kenkofukushi/fukushi/1006661/1004829.html,,,,電話・来所,,,,source-capital-jp-06201-public,published,2026-07-26
jp-07201-city-general,jp-07201,unknown,福島市役所,市役所・区役所の代表窓口,福島市,担当窓口が分からない場合の代表窓口です。,960-8601,福島市五老内町3-1,024-535-1111,,,,https://www.city.fukushima.fukushima.jp/,,,,電話・来所,,,,source-capital-jp-07201-city,published,2026-07-26
jp-07201-self-reliance,jp-07201,money,福島市生活福祉課,生活や仕事の困りごと相談,福島市生活福祉課,仕事・家計・住まいなど、生活上の困りごとを相談できます。,,,024-525-3725,,,,https://corona-support.mhlw.go.jp/jukyokakuhokyufukin/counter.html,,,,電話・来所,,,,source-mhlw-housing-counter,published,2026-07-26
jp-07201-housing-benefit,jp-07201,rent,福島市生活福祉課（住居確保給付金）,家賃・住居確保給付金の相談窓口,福島市生活福祉課,住居確保給付金の相談・申請を受け付ける窓口です。,,,024-525-3725,,,,https://corona-support.mhlw.go.jp/jukyokakuhokyufukin/counter.html,,,,電話・来所,,,,source-mhlw-housing-counter,published,2026-07-26
jp-07201-public-assistance,jp-07201,money,福島市生活福祉課生活支援係,生活保護の相談・申請窓口,健康福祉部生活福祉課,生活保護の相談・申請を受け付けます。申請は本人の意思で行うことができます。,,福島市五老内町3-1 市役所2階,024-525-3725,,,,https://www.city.fukushima.fukushima.jp/soshiki/9/1042/3/1830.html,,,,電話・来所,,,,source-capital-jp-07201-public,published,2026-07-26
jp-09201-city-general,jp-09201,unknown,宇都宮市役所,市役所・区役所の代表窓口,宇都宮市,担当窓口が分からない場合の代表窓口です。,320-8540,宇都宮市旭1-1-5,028-632-2222,,,,https://www.city.utsunomiya.lg.jp/,,,,電話・来所,,,,source-capital-jp-09201-city,published,2026-07-26
jp-09201-self-reliance,jp-09201,money,宇都宮市自立相談支援機関,生活や仕事の困りごと相談,宇都宮市自立相談支援機関,仕事・家計・住まいなど、生活上の困りごとを相談できます。,,,028-612-6668,,,,https://www.city.utsunomiya.lg.jp/kenko/seikatsushien/1026386.html,,,,電話・来所,,,,source-capital-jp-09201-self,published,2026-07-26
jp-09201-housing-benefit,jp-09201,rent,宇都宮市自立相談支援機関（住居確保給付金）,家賃・住居確保給付金の相談窓口,宇都宮市自立相談支援機関,住居確保給付金の相談・申請を受け付ける窓口です。,,,090-8028-7570,,,,https://www.city.utsunomiya.lg.jp/kenko/seikatsushien/1026386.html,,,,電話・来所,,,,source-capital-jp-09201-self,published,2026-07-26
jp-09201-public-assistance,jp-09201,money,宇都宮市生活福祉第1・2課,生活保護の相談・申請窓口,保健福祉部生活福祉第1・2課,生活保護の相談・申請を受け付けます。申請は本人の意思で行うことができます。,,宇都宮市旭1-1-5 市役所1階B3番窓口,028-632-2105,,,,https://www.city.utsunomiya.lg.jp/kenko/seikatsushien/hogo/1004811.html,,,,電話・来所,,,,source-capital-jp-09201-public,published,2026-07-26
jp-10201-city-general,jp-10201,unknown,前橋市役所,市役所・区役所の代表窓口,前橋市,担当窓口が分からない場合の代表窓口です。,371-8601,前橋市大手町2-12-1,027-224-1111,,,,https://www.city.maebashi.gunma.jp/,,,,電話・来所,,,,source-capital-jp-10201-city,published,2026-07-26
jp-10201-self-reliance,jp-10201,money,まえばし生活自立相談センター,生活や仕事の困りごと相談,まえばし生活自立相談センター,仕事・家計・住まいなど、生活上の困りごとを相談できます。,,,027-898-6890,,,,https://corona-support.mhlw.go.jp/jukyokakuhokyufukin/counter.html,,,,電話・来所,,,,source-mhlw-housing-counter,published,2026-07-26
jp-10201-housing-benefit,jp-10201,rent,まえばし生活自立相談センター（住居確保給付金）,家賃・住居確保給付金の相談窓口,まえばし生活自立相談センター,住居確保給付金の相談・申請を受け付ける窓口です。,,,027-898-6890,,,,https://corona-support.mhlw.go.jp/jukyokakuhokyufukin/counter.html,,,,電話・来所,,,,source-mhlw-housing-counter,published,2026-07-26
jp-10201-public-assistance,jp-10201,money,前橋市社会福祉課保護係,生活保護の相談・申請窓口,福祉部社会福祉課,生活保護の相談・申請を受け付けます。申請は本人の意思で行うことができます。,,前橋市大手町2-12-1 市役所1階,027-898-5878,,,,https://www.city.maebashi.gunma.jp/kenko_fukushi/5/2/2/11873.html,,,,電話・来所,,,,source-capital-jp-10201-public,published,2026-07-26
jp-11100-city-general,jp-11100,unknown,さいたま市役所,市役所・区役所の代表窓口,さいたま市,担当窓口が分からない場合の代表窓口です。,330-9588,さいたま市浦和区常盤6-4-4,048-829-1111,,,,https://www.city.saitama.lg.jp/,,,,電話・来所,,,,source-capital-jp-11100-city,published,2026-07-26
jp-11100-self-reliance,jp-11100,money,各区の福祉まるごと相談窓口,生活や仕事の困りごと相談,各区の福祉まるごと相談窓口,仕事・家計・住まいなど、生活上の困りごとを相談できます。,,,,,,,https://www.city.saitama.lg.jp/002/003/002/p088576.html,,,,公式ページで管轄窓口を確認,,,,source-capital-jp-11100-self,published,2026-07-26
jp-11100-housing-benefit,jp-11100,rent,各区の福祉まるごと相談窓口（住居確保給付金）,家賃・住居確保給付金の相談窓口,各区の福祉まるごと相談窓口,住居確保給付金の相談・申請を受け付ける窓口です。,,,,,,,https://www.city.saitama.lg.jp/002/003/002/p088576.html,,,,公式ページで管轄窓口を確認,,,,source-capital-jp-11100-self,published,2026-07-26
jp-11100-public-assistance,jp-11100,money,各区役所の福祉課,生活保護の相談・申請窓口,各区役所福祉課,生活保護の相談・申請を受け付けます。申請は本人の意思で行うことができます。,,,,,,,https://www.city.saitama.lg.jp/002/003/002/p032098.html,,,,公式ページで管轄窓口を確認,,,,source-capital-jp-11100-public,published,2026-07-26
jp-12100-city-general,jp-12100,unknown,千葉市役所,市役所・区役所の代表窓口,千葉市,担当窓口が分からない場合の代表窓口です。,260-8722,千葉市中央区千葉港1-1,043-245-5111,,,,https://www.city.chiba.jp/,,,,電話・来所,,,,source-capital-jp-12100-city,published,2026-07-26
jp-12100-self-reliance,jp-12100,money,各区の生活自立・仕事相談センター,生活や仕事の困りごと相談,各区の生活自立・仕事相談センター,仕事・家計・住まいなど、生活上の困りごとを相談できます。,,,,,,,https://corona-support.mhlw.go.jp/jukyokakuhokyufukin/counter.html,,,,公式ページで管轄窓口を確認,,,,source-mhlw-housing-counter,published,2026-07-26
jp-12100-housing-benefit,jp-12100,rent,各区の生活自立・仕事相談センター（住居確保給付金）,家賃・住居確保給付金の相談窓口,各区の生活自立・仕事相談センター,住居確保給付金の相談・申請を受け付ける窓口です。,,,,,,,https://corona-support.mhlw.go.jp/jukyokakuhokyufukin/counter.html,,,,公式ページで管轄窓口を確認,,,,source-mhlw-housing-counter,published,2026-07-26
jp-12100-public-assistance,jp-12100,money,各区保健福祉センター社会援護課,生活保護の相談・申請窓口,各区保健福祉センター社会援護課,生活保護の相談・申請を受け付けます。申請は本人の意思で行うことができます。,,,,,,,https://www.city.chiba.jp/hokenfukushi/hogo/kakukusoudanmadoguti.html,,,,公式ページで管轄窓口を確認,,,,source-capital-jp-12100-public,published,2026-07-26
tokyo-shinjuku-city-general,tokyo-shinjuku,unknown,新宿区役所,市役所・区役所の代表窓口,新宿区,担当窓口が分からない場合の代表窓口です。,160-8484,新宿区歌舞伎町1-4-1,03-3209-1111,,,,https://www.city.shinjuku.lg.jp/,,,,電話・来所,,,,source-capital-tokyo-shinjuku-city,published,2026-07-26
tokyo-shinjuku-self-reliance,tokyo-shinjuku,money,新宿区生活支援相談窓口,生活や仕事の困りごと相談,新宿区生活支援相談窓口,仕事・家計・住まいなど、生活上の困りごとを相談できます。,,,03-5273-3853,,,,https://corona-support.mhlw.go.jp/jukyokakuhokyufukin/counter.html,,,,電話・来所,,,,source-mhlw-housing-counter,published,2026-07-26
tokyo-shinjuku-housing-benefit,tokyo-shinjuku,rent,新宿区生活支援相談窓口（住居確保給付金）,家賃・住居確保給付金の相談窓口,新宿区生活支援相談窓口,住居確保給付金の相談・申請を受け付ける窓口です。,,,03-5273-3853,,,,https://corona-support.mhlw.go.jp/jukyokakuhokyufukin/counter.html,,,,電話・来所,,,,source-mhlw-housing-counter,published,2026-07-26
tokyo-shinjuku-public-assistance,tokyo-shinjuku,money,新宿区生活福祉課・保護担当課相談支援係,生活保護の相談・申請窓口,福祉部生活福祉課・保護担当課,生活保護の相談・申請を受け付けます。申請は本人の意思で行うことができます。,,新宿区新宿5-18-21 第二分庁舎1階,03-5273-4552,,,,https://www.city.shinjuku.lg.jp/fukushi/file04_01_00002.html,,,,電話・来所,,,,source-capital-tokyo-shinjuku-public,published,2026-07-26
jp-15100-city-general,jp-15100,unknown,新潟市役所,市役所・区役所の代表窓口,新潟市,担当窓口が分からない場合の代表窓口です。,951-8550,新潟市中央区学校町通1番町602-1,025-228-1000,,,,https://www.city.niigata.lg.jp/,,,,電話・来所,,,,source-capital-jp-15100-city,published,2026-07-26
jp-15100-self-reliance,jp-15100,money,新潟市パーソナル・サポート・センター,生活や仕事の困りごと相談,新潟市パーソナル・サポート・センター,仕事・家計・住まいなど、生活上の困りごとを相談できます。,,,025-385-6851,,,,https://corona-support.mhlw.go.jp/jukyokakuhokyufukin/counter.html,,,,電話・来所,,,,source-mhlw-housing-counter,published,2026-07-26
jp-15100-housing-benefit,jp-15100,rent,新潟市パーソナル・サポート・センター（住居確保給付金）,家賃・住居確保給付金の相談窓口,新潟市パーソナル・サポート・センター,住居確保給付金の相談・申請を受け付ける窓口です。,,,025-385-6851,,,,https://corona-support.mhlw.go.jp/jukyokakuhokyufukin/counter.html,,,,電話・来所,,,,source-mhlw-housing-counter,published,2026-07-26
jp-15100-public-assistance,jp-15100,money,各区役所の生活保護相談窓口,生活保護の相談・申請窓口,各区役所健康福祉課,生活保護の相談・申請を受け付けます。申請は本人の意思で行うことができます。,,,,,,,https://www.city.niigata.lg.jp/iryo/kenfuku/seikatsuhogo/sodan.html,,,,公式ページで管轄窓口を確認,,,,source-capital-jp-15100-public,published,2026-07-26
jp-16201-city-general,jp-16201,unknown,富山市役所,市役所・区役所の代表窓口,富山市,担当窓口が分からない場合の代表窓口です。,930-8510,富山市新桜町7-38,076-431-6111,,,,https://www.city.toyama.lg.jp/,,,,電話・来所,,,,source-capital-jp-16201-city,published,2026-07-26
jp-16201-self-reliance,jp-16201,money,富山市社会福祉協議会 自立相談支援窓口,生活や仕事の困りごと相談,富山市社会福祉協議会 自立相談支援窓口,仕事・家計・住まいなど、生活上の困りごとを相談できます。,,,076-422-3414,,,,https://corona-support.mhlw.go.jp/jukyokakuhokyufukin/counter.html,,,,電話・来所,,,,source-mhlw-housing-counter,published,2026-07-26
jp-16201-housing-benefit,jp-16201,rent,富山市社会福祉協議会 自立相談支援窓口（住居確保給付金）,家賃・住居確保給付金の相談窓口,富山市社会福祉協議会 自立相談支援窓口,住居確保給付金の相談・申請を受け付ける窓口です。,,,076-422-3414,,,,https://corona-support.mhlw.go.jp/jukyokakuhokyufukin/counter.html,,,,電話・来所,,,,source-mhlw-housing-counter,published,2026-07-26
jp-16201-public-assistance,jp-16201,money,富山市生活支援課,生活保護の相談・申請窓口,福祉保健部生活支援課,生活保護の相談・申請を受け付けます。申請は本人の意思で行うことができます。,,富山市新桜町7-38 市役所東館2階,076-443-2057,,,,https://www.city.toyama.lg.jp/shisei/soshiki/1010709/1004452.html,,,,電話・来所,,,,source-capital-jp-16201-public,published,2026-07-26
jp-17201-city-general,jp-17201,unknown,金沢市役所,市役所・区役所の代表窓口,金沢市,担当窓口が分からない場合の代表窓口です。,920-8577,金沢市広坂1-1-1,076-220-2111,,,,https://www4.city.kanazawa.lg.jp/,,,,電話・来所,,,,source-capital-jp-17201-city,published,2026-07-26
jp-17201-self-reliance,jp-17201,money,金沢自立生活サポートセンター,生活や仕事の困りごと相談,金沢自立生活サポートセンター,仕事・家計・住まいなど、生活上の困りごとを相談できます。,,,076-231-3720,,,,https://corona-support.mhlw.go.jp/jukyokakuhokyufukin/counter.html,,,,電話・来所,,,,source-mhlw-housing-counter,published,2026-07-26
jp-17201-housing-benefit,jp-17201,rent,金沢自立生活サポートセンター（住居確保給付金）,家賃・住居確保給付金の相談窓口,金沢自立生活サポートセンター,住居確保給付金の相談・申請を受け付ける窓口です。,,,076-231-3720,,,,https://corona-support.mhlw.go.jp/jukyokakuhokyufukin/counter.html,,,,電話・来所,,,,source-mhlw-housing-counter,published,2026-07-26
jp-17201-public-assistance,jp-17201,money,金沢市生活支援課,生活保護の相談・申請窓口,福祉健康局生活支援課,生活保護の相談・申請を受け付けます。申請は本人の意思で行うことができます。,,金沢市広坂1-1-1,076-220-2292,,,,https://www4.city.kanazawa.lg.jp/kenko_fukushi/seikatsufukushi/seikatsuhogo/10648.html,,,,電話・来所,,,,source-capital-jp-17201-public,published,2026-07-26
jp-18201-city-general,jp-18201,unknown,福井市役所,市役所・区役所の代表窓口,福井市,担当窓口が分からない場合の代表窓口です。,910-8511,福井市大手3-10-1,0776-20-5111,,,,https://www.city.fukui.lg.jp/,,,,電話・来所,,,,source-capital-jp-18201-city,published,2026-07-26
jp-18201-self-reliance,jp-18201,money,福井市自立サポートセンターよりそい,生活や仕事の困りごと相談,福井市自立サポートセンターよりそい,仕事・家計・住まいなど、生活上の困りごとを相談できます。,,福井市役所内,0776-20-5580,,,,https://corona-support.mhlw.go.jp/jukyokakuhokyufukin/counter.html,,,,電話・来所,,,,source-mhlw-housing-counter,published,2026-07-26
jp-18201-housing-benefit,jp-18201,rent,福井市自立サポートセンターよりそい（住居確保給付金）,家賃・住居確保給付金の相談窓口,福井市自立サポートセンターよりそい,住居確保給付金の相談・申請を受け付ける窓口です。,,福井市役所内,0776-20-5580,,,,https://corona-support.mhlw.go.jp/jukyokakuhokyufukin/counter.html,,,,電話・来所,,,,source-mhlw-housing-counter,published,2026-07-26
jp-18201-public-assistance,jp-18201,money,福井市生活支援課,生活保護の相談・申請窓口,福祉健康部生活支援課,生活保護の相談・申請を受け付けます。申請は本人の意思で行うことができます。,,福井市大手3-10-1 市役所別館3階,0776-20-5404,,,,https://www.city.fukui.lg.jp/fukusi/tifukusi/seikatu/p020650.html,,,,電話・来所,,,,source-capital-jp-18201-public,published,2026-07-26
jp-19201-city-general,jp-19201,unknown,甲府市役所,市役所・区役所の代表窓口,甲府市,担当窓口が分からない場合の代表窓口です。,400-8585,甲府市丸の内1-18-1,055-237-1161,,,,https://www.city.kofu.yamanashi.jp/,,,,電話・来所,,,,source-capital-jp-19201-city,published,2026-07-26
jp-19201-self-reliance,jp-19201,money,甲府市生活支援相談窓口,生活や仕事の困りごと相談,甲府市生活支援相談窓口,仕事・家計・住まいなど、生活上の困りごとを相談できます。,,,055-237-5742,,,,https://corona-support.mhlw.go.jp/jukyokakuhokyufukin/counter.html,,,,電話・来所,,,,source-mhlw-housing-counter,published,2026-07-26
jp-19201-housing-benefit,jp-19201,rent,甲府市生活支援相談窓口（住居確保給付金）,家賃・住居確保給付金の相談窓口,甲府市生活支援相談窓口,住居確保給付金の相談・申請を受け付ける窓口です。,,,055-237-5742,,,,https://corona-support.mhlw.go.jp/jukyokakuhokyufukin/counter.html,,,,電話・来所,,,,source-mhlw-housing-counter,published,2026-07-26
jp-19201-public-assistance,jp-19201,money,甲府市生活福祉課保護係,生活保護の相談・申請窓口,福祉保健部生活福祉課,生活保護の相談・申請を受け付けます。申請は本人の意思で行うことができます。,,甲府市丸の内1-18-1,055-237-5431,,,,https://www.city.kofu.yamanashi.jp/sekatsufukushi/index.html,,,,電話・来所,,,,source-capital-jp-19201-public,published,2026-07-26
jp-20201-city-general,jp-20201,unknown,長野市役所,市役所・区役所の代表窓口,長野市,担当窓口が分からない場合の代表窓口です。,380-8512,長野市大字鶴賀緑町1613,026-226-4911,,,,https://www.city.nagano.nagano.jp/,,,,電話・来所,,,,source-capital-jp-20201-city,published,2026-07-26
jp-20201-self-reliance,jp-20201,money,長野市生活就労支援センターまいさぽ長野市,生活や仕事の困りごと相談,長野市生活就労支援センターまいさぽ長野市,仕事・家計・住まいなど、生活上の困りごとを相談できます。,,長野市大字鶴賀緑町1714-5 長野市ふれあい福祉センター2階,026-219-6880,,,,https://corona-support.mhlw.go.jp/jukyokakuhokyufukin/counter.html,,,,電話・来所,,,,source-mhlw-housing-counter,published,2026-07-26
jp-20201-housing-benefit,jp-20201,rent,長野市生活就労支援センターまいさぽ長野市（住居確保給付金）,家賃・住居確保給付金の相談窓口,長野市生活就労支援センターまいさぽ長野市,住居確保給付金の相談・申請を受け付ける窓口です。,,長野市大字鶴賀緑町1714-5 長野市ふれあい福祉センター2階,026-219-6880,,,,https://corona-support.mhlw.go.jp/jukyokakuhokyufukin/counter.html,,,,電話・来所,,,,source-mhlw-housing-counter,published,2026-07-26
jp-20201-public-assistance,jp-20201,money,長野市生活支援課保護担当,生活保護の相談・申請窓口,保健福祉部生活支援課,生活保護の相談・申請を受け付けます。申請は本人の意思で行うことができます。,,長野市大字鶴賀緑町1613 市役所第二庁舎3階,026-224-7529,,,,https://www.city.nagano.nagano.jp/n100800/contents/p002540.html,,,,電話・来所,,,,source-capital-jp-20201-public,published,2026-07-26
jp-21201-city-general,jp-21201,unknown,岐阜市役所,市役所・区役所の代表窓口,岐阜市,担当窓口が分からない場合の代表窓口です。,500-8701,岐阜市司町40番地1,058-265-4141,,,,https://www.city.gifu.lg.jp/,,,,電話・来所,,,,source-capital-jp-21201-city,published,2026-07-26
jp-21201-self-reliance,jp-21201,money,岐阜市生活・就労サポートセンター,生活や仕事の困りごと相談,岐阜市生活・就労サポートセンター,仕事・家計・住まいなど、生活上の困りごとを相談できます。,,,058-265-3777,,,,https://corona-support.mhlw.go.jp/jukyokakuhokyufukin/counter.html,,,,電話・来所,,,,source-mhlw-housing-counter,published,2026-07-26
jp-21201-housing-benefit,jp-21201,rent,岐阜市生活・就労サポートセンター（住居確保給付金）,家賃・住居確保給付金の相談窓口,岐阜市生活・就労サポートセンター,住居確保給付金の相談・申請を受け付ける窓口です。,,,058-265-3777,,,,https://corona-support.mhlw.go.jp/jukyokakuhokyufukin/counter.html,,,,電話・来所,,,,source-mhlw-housing-counter,published,2026-07-26
jp-21201-public-assistance,jp-21201,money,岐阜市生活福祉一・二・三課,生活保護の相談・申請窓口,福祉部生活福祉一・二・三課,生活保護の相談・申請を受け付けます。申請は本人の意思で行うことができます。,,岐阜市司町40番地1,058-265-4141,,,,https://www.city.gifu.lg.jp/kenko/seikathushien/1005021/1005022.html,,,,電話・来所,,,,source-capital-jp-21201-public,published,2026-07-26
jp-22100-city-general,jp-22100,unknown,静岡市役所,市役所・区役所の代表窓口,静岡市,担当窓口が分からない場合の代表窓口です。,420-8602,静岡市葵区追手町5-1,054-254-2111,,,,https://www.city.shizuoka.lg.jp/,,,,電話・来所,,,,source-capital-jp-22100-city,published,2026-07-26
jp-22100-self-reliance,jp-22100,money,各区の自立相談支援窓口,生活や仕事の困りごと相談,各区の自立相談支援窓口,仕事・家計・住まいなど、生活上の困りごとを相談できます。,,,,,,,https://corona-support.mhlw.go.jp/jukyokakuhokyufukin/counter.html,,,,公式ページで管轄窓口を確認,,,,source-mhlw-housing-counter,published,2026-07-26
jp-22100-housing-benefit,jp-22100,rent,各区の自立相談支援窓口（住居確保給付金）,家賃・住居確保給付金の相談窓口,各区の自立相談支援窓口,住居確保給付金の相談・申請を受け付ける窓口です。,,,,,,,https://corona-support.mhlw.go.jp/jukyokakuhokyufukin/counter.html,,,,公式ページで管轄窓口を確認,,,,source-mhlw-housing-counter,published,2026-07-26
jp-22100-public-assistance,jp-22100,money,各区福祉事務所の生活支援課,生活保護の相談・申請窓口,各区福祉事務所生活支援課,生活保護の相談・申請を受け付けます。申請は本人の意思で行うことができます。,,,,,,,https://www.city.shizuoka.lg.jp/s3865/s003044.html,,,,公式ページで管轄窓口を確認,,,,source-capital-jp-22100-public,published,2026-07-26
jp-24201-city-general,jp-24201,unknown,津市役所,市役所・区役所の代表窓口,津市,担当窓口が分からない場合の代表窓口です。,514-8611,津市西丸之内23-1,059-229-3105,,,,https://www.info.city.tsu.mie.jp/,,,,電話・来所,,,,source-capital-jp-24201-city,published,2026-07-26
jp-24201-self-reliance,jp-24201,money,津市健康福祉部援護課,生活や仕事の困りごと相談,津市健康福祉部援護課,仕事・家計・住まいなど、生活上の困りごとを相談できます。,,,059-229-3541,,,,https://corona-support.mhlw.go.jp/jukyokakuhokyufukin/counter.html,,,,電話・来所,,,,source-mhlw-housing-counter,published,2026-07-26
jp-24201-housing-benefit,jp-24201,rent,津市健康福祉部援護課（住居確保給付金）,家賃・住居確保給付金の相談窓口,津市健康福祉部援護課,住居確保給付金の相談・申請を受け付ける窓口です。,,,059-229-3541,,,,https://corona-support.mhlw.go.jp/jukyokakuhokyufukin/counter.html,,,,電話・来所,,,,source-mhlw-housing-counter,published,2026-07-26
jp-24201-public-assistance,jp-24201,money,津市援護課相談・支援担当,生活保護の相談・申請窓口,健康福祉部援護課,生活保護の相談・申請を受け付けます。申請は本人の意思で行うことができます。,,津市西丸之内23-1,059-229-3541,,,,https://www.info.city.tsu.mie.jp/shisei/shiyakusho_annai/1009884/1004879/1008382/1008393.html,,,,電話・来所,,,,source-capital-jp-24201-public,published,2026-07-26
jp-25201-city-general,jp-25201,unknown,大津市役所,市役所・区役所の代表窓口,大津市,担当窓口が分からない場合の代表窓口です。,520-8575,大津市御陵町3-1,077-523-1234,,,,https://www.city.otsu.lg.jp/,,,,電話・来所,,,,source-capital-jp-25201-city,published,2026-07-26
jp-25201-self-reliance,jp-25201,money,大津市生活福祉課,生活や仕事の困りごと相談,大津市生活福祉課,仕事・家計・住まいなど、生活上の困りごとを相談できます。,,,077-528-2743,,,,https://corona-support.mhlw.go.jp/jukyokakuhokyufukin/counter.html,,,,電話・来所,,,,source-mhlw-housing-counter,published,2026-07-26
jp-25201-housing-benefit,jp-25201,rent,大津市生活福祉課（住居確保給付金）,家賃・住居確保給付金の相談窓口,大津市生活福祉課,住居確保給付金の相談・申請を受け付ける窓口です。,,,077-528-2743,,,,https://corona-support.mhlw.go.jp/jukyokakuhokyufukin/counter.html,,,,電話・来所,,,,source-mhlw-housing-counter,published,2026-07-26
jp-25201-public-assistance,jp-25201,money,大津市生活福祉課,生活保護の相談・申請窓口,福祉部生活福祉課,生活保護の相談・申請を受け付けます。申請は本人の意思で行うことができます。,,大津市御陵町3-1 市役所本館2階,077-528-2743,,,,https://www.city.otsu.lg.jp/soshiki/020/1424/g/76880.html,,,,電話・来所,,,,source-capital-jp-25201-public,published,2026-07-26
jp-26100-city-general,jp-26100,unknown,京都市役所,市役所・区役所の代表窓口,京都市,担当窓口が分からない場合の代表窓口です。,604-8571,京都市中京区寺町通御池上る上本能寺前町488,075-222-3111,,,,https://www.city.kyoto.lg.jp/,,,,電話・来所,,,,source-capital-jp-26100-city,published,2026-07-26
jp-26100-self-reliance,jp-26100,money,京都市生活困窮者自立相談支援窓口,生活や仕事の困りごと相談,京都市生活困窮者自立相談支援窓口,仕事・家計・住まいなど、生活上の困りごとを相談できます。,,,075-222-3388,,,,https://www.city.kyoto.lg.jp/hokenfukushi/page/0000282954.html,,,,電話・来所,,,,source-capital-jp-26100-self,published,2026-07-26
jp-26100-housing-benefit,jp-26100,rent,京都市生活困窮者自立相談支援窓口（住居確保給付金）,家賃・住居確保給付金の相談窓口,京都市生活困窮者自立相談支援窓口,住居確保給付金の相談・申請を受け付ける窓口です。,,,075-222-3388,,,,https://www.city.kyoto.lg.jp/hokenfukushi/page/0000282954.html,,,,電話・来所,,,,source-capital-jp-26100-self,published,2026-07-26
jp-26100-public-assistance,jp-26100,money,各区役所・支所の生活保護相談窓口,生活保護の相談・申請窓口,各区役所・支所保健福祉センター生活福祉課,生活保護の相談・申請を受け付けます。申請は本人の意思で行うことができます。,,,,,,,https://www.call3755.city.kyoto.lg.jp/faq_p/P200.aspx?FAQID=0101287,,,,公式ページで管轄窓口を確認,,,,source-capital-jp-26100-public,published,2026-07-26
osaka-osaka-city-general,osaka-osaka,unknown,大阪市役所,市役所・区役所の代表窓口,大阪市,担当窓口が分からない場合の代表窓口です。,530-8201,大阪市北区中之島1-3-20,06-6208-8181,,,,https://www.city.osaka.lg.jp/,,,,電話・来所,,,,source-capital-osaka-osaka-city,published,2026-07-26
osaka-osaka-self-reliance,osaka-osaka,money,各区の自立相談支援窓口,生活や仕事の困りごと相談,各区の自立相談支援窓口,仕事・家計・住まいなど、生活上の困りごとを相談できます。,,,,,,,https://www.city.osaka.lg.jp/fukushi/page/0000303608.html,,,,公式ページで管轄窓口を確認,,,,source-capital-osaka-osaka-self,published,2026-07-26
osaka-osaka-housing-benefit,osaka-osaka,rent,各区の自立相談支援窓口（住居確保給付金）,家賃・住居確保給付金の相談窓口,各区の自立相談支援窓口,住居確保給付金の相談・申請を受け付ける窓口です。,,,,,,,https://www.city.osaka.lg.jp/fukushi/page/0000303608.html,,,,公式ページで管轄窓口を確認,,,,source-capital-osaka-osaka-self,published,2026-07-26
osaka-osaka-public-assistance,osaka-osaka,money,各区保健福祉センターの生活保護相談窓口,生活保護の相談・申請窓口,各区保健福祉センター生活支援担当,生活保護の相談・申請を受け付けます。申請は本人の意思で行うことができます。,,,,,,,https://www.city.osaka.lg.jp/fukushi/cmsfiles/contents/0000615/615306/kankseikikan.pdf,,,,公式ページで管轄窓口を確認,,,,source-capital-osaka-osaka-public,published,2026-07-26
jp-29201-city-general,jp-29201,unknown,奈良市役所,市役所・区役所の代表窓口,奈良市,担当窓口が分からない場合の代表窓口です。,630-8580,奈良市二条大路南一丁目1-1,0742-34-1111,,,,https://www.city.nara.lg.jp/,,,,電話・来所,,,,source-capital-jp-29201-city,published,2026-07-26
jp-29201-self-reliance,jp-29201,money,奈良市くらしとしごとサポートセンター,生活や仕事の困りごと相談,奈良市くらしとしごとサポートセンター,仕事・家計・住まいなど、生活上の困りごとを相談できます。,,,0120-372-310,,,,https://corona-support.mhlw.go.jp/jukyokakuhokyufukin/counter.html,,,,電話・来所,,,,source-mhlw-housing-counter,published,2026-07-26
jp-29201-housing-benefit,jp-29201,rent,奈良市くらしとしごとサポートセンター（住居確保給付金）,家賃・住居確保給付金の相談窓口,奈良市くらしとしごとサポートセンター,住居確保給付金の相談・申請を受け付ける窓口です。,,,0120-372-310,,,,https://corona-support.mhlw.go.jp/jukyokakuhokyufukin/counter.html,,,,電話・来所,,,,source-mhlw-housing-counter,published,2026-07-26
jp-29201-public-assistance,jp-29201,money,奈良市保護課,生活保護の相談・申請窓口,福祉部保護課,生活保護の相談・申請を受け付けます。申請は本人の意思で行うことができます。,,奈良市二条大路南一丁目1-1,0742-34-4757,,,,https://www.city.nara.lg.jp/soshiki/35/index-2.html,,,,電話・来所,,,,source-capital-jp-29201-public,published,2026-07-26
jp-30201-city-general,jp-30201,unknown,和歌山市役所,市役所・区役所の代表窓口,和歌山市,担当窓口が分からない場合の代表窓口です。,640-8511,和歌山市七番丁23,073-432-0001,,,,https://www.city.wakayama.wakayama.jp/,,,,電話・来所,,,,source-capital-jp-30201-city,published,2026-07-26
jp-30201-self-reliance,jp-30201,money,和歌山市自立相談支援窓口,生活や仕事の困りごと相談,和歌山市自立相談支援窓口,仕事・家計・住まいなど、生活上の困りごとを相談できます。,,,073-435-1077,,,,https://www.city.wakayama.wakayama.jp/shisei/1009417/soshiki/1002616/1002640/1002702.html,,,,電話・来所,,,,source-capital-jp-30201-self,published,2026-07-26
jp-30201-housing-benefit,jp-30201,rent,和歌山市自立相談支援窓口（住居確保給付金）,家賃・住居確保給付金の相談窓口,和歌山市自立相談支援窓口,住居確保給付金の相談・申請を受け付ける窓口です。,,,073-435-1077,,,,https://www.city.wakayama.wakayama.jp/shisei/1009417/soshiki/1002616/1002640/1002702.html,,,,電話・来所,,,,source-capital-jp-30201-self,published,2026-07-26
jp-30201-public-assistance,jp-30201,money,和歌山市生活支援第1・2課,生活保護の相談・申請窓口,福祉局社会福祉部生活支援第1・2課,生活保護の相談・申請を受け付けます。申請は本人の意思で行うことができます。,,和歌山市七番丁23,073-435-1205,,,,https://www.city.wakayama.wakayama.jp/shisei/1009417/soshiki/1002616/1002640/1002702.html,,,,電話・来所,,,,source-capital-jp-30201-public,published,2026-07-26
jp-31201-city-general,jp-31201,unknown,鳥取市役所,市役所・区役所の代表窓口,鳥取市,担当窓口が分からない場合の代表窓口です。,680-8571,鳥取市幸町71番地,0857-22-8111,,,,https://www.city.tottori.lg.jp/,,,,電話・来所,,,,source-capital-jp-31201-city,published,2026-07-26
jp-31201-self-reliance,jp-31201,money,鳥取市パーソナルサポートセンター,生活や仕事の困りごと相談,鳥取市パーソナルサポートセンター,仕事・家計・住まいなど、生活上の困りごとを相談できます。,,鳥取市幸町151 鳥取市中央人権福祉センター内,0857-20-4888,,,,https://corona-support.mhlw.go.jp/jukyokakuhokyufukin/counter.html,,,,電話・来所,,,,source-mhlw-housing-counter,published,2026-07-26
jp-31201-housing-benefit,jp-31201,rent,鳥取市パーソナルサポートセンター（住居確保給付金）,家賃・住居確保給付金の相談窓口,鳥取市パーソナルサポートセンター,住居確保給付金の相談・申請を受け付ける窓口です。,,鳥取市幸町151 鳥取市中央人権福祉センター内,0857-20-4888,,,,https://corona-support.mhlw.go.jp/jukyokakuhokyufukin/counter.html,,,,電話・来所,,,,source-mhlw-housing-counter,published,2026-07-26
jp-31201-public-assistance,jp-31201,money,鳥取市生活福祉課,生活保護の相談・申請窓口,福祉部生活福祉課,生活保護の相談・申請を受け付けます。申請は本人の意思で行うことができます。,,鳥取市幸町71番地 市役所1階18番窓口,0857-20-3476,,,,https://www.city.tottori.lg.jp/page/4620.html,,,,電話・来所,,,,source-capital-jp-31201-public,published,2026-07-26
jp-32201-city-general,jp-32201,unknown,松江市役所,市役所・区役所の代表窓口,松江市,担当窓口が分からない場合の代表窓口です。,690-8540,松江市末次町86,0852-55-5555,,,,https://www.city.matsue.lg.jp/,,,,電話・来所,,,,source-capital-jp-32201-city,published,2026-07-26
jp-32201-self-reliance,jp-32201,money,松江市くらし相談支援センター,生活や仕事の困りごと相談,松江市くらし相談支援センター,仕事・家計・住まいなど、生活上の困りごとを相談できます。,,松江市千鳥町70 松江市総合福祉センター2階,0852-60-7575,,,,https://www.city.matsue.lg.jp/kenko_fukushi/seikatuhukushi/7407.html,,,,電話・来所,,,,source-capital-jp-32201-self,published,2026-07-26
jp-32201-housing-benefit,jp-32201,rent,松江市くらし相談支援センター（住居確保給付金）,家賃・住居確保給付金の相談窓口,松江市くらし相談支援センター,住居確保給付金の相談・申請を受け付ける窓口です。,,松江市千鳥町70 松江市総合福祉センター2階,0852-60-7575,,,,https://www.city.matsue.lg.jp/kenko_fukushi/seikatuhukushi/7407.html,,,,電話・来所,,,,source-capital-jp-32201-self,published,2026-07-26
jp-32201-public-assistance,jp-32201,money,松江市生活福祉課,生活保護の相談・申請窓口,健康福祉部生活福祉課,生活保護の相談・申請を受け付けます。申請は本人の意思で行うことができます。,,松江市末次町86,0852-55-5305,,,,https://www.city.matsue.lg.jp/kenko_fukushi/seikatuhukushi/7407.html,,,,電話・来所,,,,source-capital-jp-32201-public,published,2026-07-26
jp-33100-city-general,jp-33100,unknown,岡山市役所,市役所・区役所の代表窓口,岡山市,担当窓口が分からない場合の代表窓口です。,700-8544,岡山市北区大供1-1-1,086-803-1000,,,,https://www.city.okayama.jp/,,,,電話・来所,,,,source-capital-jp-33100-city,published,2026-07-26
jp-33100-self-reliance,jp-33100,money,岡山市寄り添いサポートセンター,生活や仕事の困りごと相談,岡山市寄り添いサポートセンター,仕事・家計・住まいなど、生活上の困りごとを相談できます。,,岡山市北区大供3丁目1番18号 KSB会館4階,0800-200-8730,,,,https://www.city.okayama.jp/kurashi/0000082213.html,,,,電話・来所,,,,source-capital-jp-33100-self,published,2026-07-26
jp-33100-housing-benefit,jp-33100,rent,岡山市寄り添いサポートセンター（住居確保給付金）,家賃・住居確保給付金の相談窓口,岡山市寄り添いサポートセンター,住居確保給付金の相談・申請を受け付ける窓口です。,,岡山市北区大供3丁目1番18号 KSB会館4階,0800-200-8730,,,,https://www.city.okayama.jp/kurashi/0000082213.html,,,,電話・来所,,,,source-capital-jp-33100-self,published,2026-07-26
jp-33100-public-assistance,jp-33100,money,各福祉事務所の生活保護相談窓口,生活保護の相談・申請窓口,各福祉事務所,生活保護の相談・申請を受け付けます。申請は本人の意思で行うことができます。,,,,,,,https://www.city.okayama.jp/kurashi/0000036538.html,,,,公式ページで管轄窓口を確認,,,,source-capital-jp-33100-public,published,2026-07-26
jp-34100-city-general,jp-34100,unknown,広島市役所,市役所・区役所の代表窓口,広島市,担当窓口が分からない場合の代表窓口です。,730-8586,広島市中区国泰寺町1-6-34,082-245-2111,,,,https://www.city.hiroshima.lg.jp/,,,,電話・来所,,,,source-capital-jp-34100-city,published,2026-07-26
jp-34100-self-reliance,jp-34100,money,各区の広島市くらしサポートセンター,生活や仕事の困りごと相談,各区の広島市くらしサポートセンター,仕事・家計・住まいなど、生活上の困りごとを相談できます。,,,,,,,https://www.city.hiroshima.lg.jp/living/fukushi-kaigo/1021239/1021956.html,,,,公式ページで管轄窓口を確認,,,,source-capital-jp-34100-self,published,2026-07-26
jp-34100-housing-benefit,jp-34100,rent,各区の広島市くらしサポートセンター（住居確保給付金）,家賃・住居確保給付金の相談窓口,各区の広島市くらしサポートセンター,住居確保給付金の相談・申請を受け付ける窓口です。,,,,,,,https://www.city.hiroshima.lg.jp/living/fukushi-kaigo/1021239/1021956.html,,,,公式ページで管轄窓口を確認,,,,source-capital-jp-34100-self,published,2026-07-26
jp-34100-public-assistance,jp-34100,money,各区厚生部生活課,生活保護の相談・申請窓口,各区厚生部生活課,生活保護の相談・申請を受け付けます。申請は本人の意思で行うことができます。,,,,,,,https://www.city.hiroshima.lg.jp/living/fukushi-kaigo/1021239/1021949.html,,,,公式ページで管轄窓口を確認,,,,source-capital-jp-34100-public,published,2026-07-26
jp-35203-city-general,jp-35203,unknown,山口市役所,市役所・区役所の代表窓口,山口市,担当窓口が分からない場合の代表窓口です。,753-8650,山口市亀山町2-1,083-922-4111,,,,https://www.city.yamaguchi.lg.jp/,,,,電話・来所,,,,source-capital-jp-35203-city,published,2026-07-26
jp-35203-self-reliance,jp-35203,money,パーソナル・サポートセンターやまぐち,生活や仕事の困りごと相談,パーソナル・サポートセンターやまぐち,仕事・家計・住まいなど、生活上の困りごとを相談できます。,,,0800-200-6291,,,,https://corona-support.mhlw.go.jp/jukyokakuhokyufukin/counter.html,,,,電話・来所,,,,source-mhlw-housing-counter,published,2026-07-26
jp-35203-housing-benefit,jp-35203,rent,パーソナル・サポートセンターやまぐち（住居確保給付金）,家賃・住居確保給付金の相談窓口,パーソナル・サポートセンターやまぐち,住居確保給付金の相談・申請を受け付ける窓口です。,,,0800-200-6291,,,,https://corona-support.mhlw.go.jp/jukyokakuhokyufukin/counter.html,,,,電話・来所,,,,source-mhlw-housing-counter,published,2026-07-26
jp-35203-public-assistance,jp-35203,money,山口市福祉事務所,生活保護の相談・申請窓口,健康福祉部地域福祉課,生活保護の相談・申請を受け付けます。申請は本人の意思で行うことができます。,,山口市亀山町2-1,083-934-2791,,,,https://www.city.yamaguchi.lg.jp/site/kokorohot/24047.html,,,,電話・来所,,,,source-capital-jp-35203-public,published,2026-07-26
jp-36201-city-general,jp-36201,unknown,徳島市役所,市役所・区役所の代表窓口,徳島市,担当窓口が分からない場合の代表窓口です。,770-8571,徳島市幸町2-5,088-621-5111,,,,https://www.city.tokushima.tokushima.jp/,,,,電話・来所,,,,source-capital-jp-36201-city,published,2026-07-26
jp-36201-self-reliance,jp-36201,money,徳島市生活あんしんサポートセンター,生活や仕事の困りごと相談,徳島市生活あんしんサポートセンター,仕事・家計・住まいなど、生活上の困りごとを相談できます。,,,088-679-1441,,,,https://corona-support.mhlw.go.jp/jukyokakuhokyufukin/counter.html,,,,電話・来所,,,,source-mhlw-housing-counter,published,2026-07-26
jp-36201-housing-benefit,jp-36201,rent,徳島市生活あんしんサポートセンター（住居確保給付金）,家賃・住居確保給付金の相談窓口,徳島市生活あんしんサポートセンター,住居確保給付金の相談・申請を受け付ける窓口です。,,,088-679-1441,,,,https://corona-support.mhlw.go.jp/jukyokakuhokyufukin/counter.html,,,,電話・来所,,,,source-mhlw-housing-counter,published,2026-07-26
jp-36201-public-assistance,jp-36201,money,徳島市生活福祉第一・第二課,生活保護の相談・申請窓口,健康福祉部生活福祉第一・第二課,生活保護の相談・申請を受け付けます。申請は本人の意思で行うことができます。,,徳島市幸町2-5,088-621-5181,,,,https://www.city.tokushima.tokushima.jp/kenko_fukushi/chiiki_fukushi/seikatsuhogo.html,,,,電話・来所,,,,source-capital-jp-36201-public,published,2026-07-26
jp-37201-city-general,jp-37201,unknown,高松市役所,市役所・区役所の代表窓口,高松市,担当窓口が分からない場合の代表窓口です。,760-8571,高松市番町1-8-15,087-839-2011,,,,https://www.city.takamatsu.kagawa.jp/,,,,電話・来所,,,,source-capital-jp-37201-city,published,2026-07-26
jp-37201-self-reliance,jp-37201,money,自立相談支援センターたかまつ,生活や仕事の困りごと相談,自立相談支援センターたかまつ,仕事・家計・住まいなど、生活上の困りごとを相談できます。,,,087-802-1081,,,,https://corona-support.mhlw.go.jp/jukyokakuhokyufukin/counter.html,,,,電話・来所,,,,source-mhlw-housing-counter,published,2026-07-26
jp-37201-housing-benefit,jp-37201,rent,自立相談支援センターたかまつ（住居確保給付金）,家賃・住居確保給付金の相談窓口,自立相談支援センターたかまつ,住居確保給付金の相談・申請を受け付ける窓口です。,,,087-802-1081,,,,https://corona-support.mhlw.go.jp/jukyokakuhokyufukin/counter.html,,,,電話・来所,,,,source-mhlw-housing-counter,published,2026-07-26
jp-37201-public-assistance,jp-37201,money,高松市生活福祉第一・第二課,生活保護の相談・申請窓口,健康福祉局生活福祉第一・第二課,生活保護の相談・申請を受け付けます。申請は本人の意思で行うことができます。,,高松市番町1-8-15 市役所2階,087-839-2343,,,,https://www.city.takamatsu.kagawa.jp/smph/kurashi/shinotorikumi/soshikihyo/seikatsu.html,,,,電話・来所,,,,source-capital-jp-37201-public,published,2026-07-26
jp-38201-city-general,jp-38201,unknown,松山市役所,市役所・区役所の代表窓口,松山市,担当窓口が分からない場合の代表窓口です。,790-8571,松山市二番町4-7-2,089-948-6688,,,,https://www.city.matsuyama.ehime.jp/,,,,電話・来所,,,,source-capital-jp-38201-city,published,2026-07-26
jp-38201-self-reliance,jp-38201,money,松山市自立相談支援窓口,生活や仕事の困りごと相談,松山市自立相談支援窓口,仕事・家計・住まいなど、生活上の困りごとを相談できます。,,,089-948-6875,,,,https://corona-support.mhlw.go.jp/jukyokakuhokyufukin/counter.html,,,,電話・来所,,,,source-mhlw-housing-counter,published,2026-07-26
jp-38201-housing-benefit,jp-38201,rent,松山市自立相談支援窓口（住居確保給付金）,家賃・住居確保給付金の相談窓口,松山市自立相談支援窓口,住居確保給付金の相談・申請を受け付ける窓口です。,,,089-948-6875,,,,https://corona-support.mhlw.go.jp/jukyokakuhokyufukin/counter.html,,,,電話・来所,,,,source-mhlw-housing-counter,published,2026-07-26
jp-38201-public-assistance,jp-38201,money,松山市生活福祉総務課 生活福祉担当,生活保護の相談・申請窓口,保健福祉部生活福祉総務課,生活保護の相談・申請を受け付けます。申請は本人の意思で行うことができます。,,松山市二番町4-7-2,089-948-6395,,,,https://www.city.matsuyama.ehime.jp/kurashi/fukushi/shakai/hogo/tetsuduki/hogonotetuduki.html,,,,電話・来所,,,,source-capital-jp-38201-public,published,2026-07-26
jp-39201-city-general,jp-39201,unknown,高知市役所,市役所・区役所の代表窓口,高知市,担当窓口が分からない場合の代表窓口です。,780-8571,高知市本町5-1-45,088-822-8111,,,,https://www.city.kochi.kochi.jp/,,,,電話・来所,,,,source-capital-jp-39201-city,published,2026-07-26
jp-39201-self-reliance,jp-39201,money,高知市生活支援相談センター,生活や仕事の困りごと相談,高知市生活支援相談センター,仕事・家計・住まいなど、生活上の困りごとを相談できます。,,,088-856-5529,,,,https://corona-support.mhlw.go.jp/jukyokakuhokyufukin/counter.html,,,,電話・来所,,,,source-mhlw-housing-counter,published,2026-07-26
jp-39201-housing-benefit,jp-39201,rent,高知市生活支援相談センター（住居確保給付金）,家賃・住居確保給付金の相談窓口,高知市生活支援相談センター,住居確保給付金の相談・申請を受け付ける窓口です。,,,088-856-5529,,,,https://corona-support.mhlw.go.jp/jukyokakuhokyufukin/counter.html,,,,電話・来所,,,,source-mhlw-housing-counter,published,2026-07-26
jp-39201-public-assistance,jp-39201,money,高知市福祉管理課,生活保護の相談・申請窓口,健康福祉部福祉管理課,生活保護の相談・申請を受け付けます。申請は本人の意思で行うことができます。,,高知市本町5-1-45,088-823-9444,,,,https://www.city.kochi.kochi.jp/soshiki/189/soudanmadoguchi.html,,,,電話・来所,,,,source-capital-jp-39201-public,published,2026-07-26
jp-41201-city-general,jp-41201,unknown,佐賀市役所,市役所・区役所の代表窓口,佐賀市,担当窓口が分からない場合の代表窓口です。,840-8501,佐賀市栄町1-1,0952-24-3151,,,,https://www.city.saga.lg.jp/,,,,電話・来所,,,,source-capital-jp-41201-city,published,2026-07-26
jp-41201-self-reliance,jp-41201,money,佐賀市生活福祉課 福祉・就労支援室,生活や仕事の困りごと相談,佐賀市生活福祉課 福祉・就労支援室,仕事・家計・住まいなど、生活上の困りごとを相談できます。,,,0952-40-7264,,,,https://www.city.saga.lg.jp/shisei/sagashioshiru/8/9/3012.html,,,,電話・来所,,,,source-capital-jp-41201-self,published,2026-07-26
jp-41201-housing-benefit,jp-41201,rent,佐賀市生活福祉課 福祉・就労支援室（住居確保給付金）,家賃・住居確保給付金の相談窓口,佐賀市生活福祉課 福祉・就労支援室,住居確保給付金の相談・申請を受け付ける窓口です。,,,0952-40-7264,,,,https://www.city.saga.lg.jp/shisei/sagashioshiru/8/9/3012.html,,,,電話・来所,,,,source-capital-jp-41201-self,published,2026-07-26
jp-41201-public-assistance,jp-41201,money,佐賀市生活福祉課保護係,生活保護の相談・申請窓口,保健福祉部生活福祉課,生活保護の相談・申請を受け付けます。申請は本人の意思で行うことができます。,,佐賀市栄町1-1,0952-40-7263,,,,https://www.city.saga.lg.jp/shisei/sagashioshiru/8/9/3012.html,,,,電話・来所,,,,source-capital-jp-41201-public,published,2026-07-26
jp-42201-city-general,jp-42201,unknown,長崎市役所,市役所・区役所の代表窓口,長崎市,担当窓口が分からない場合の代表窓口です。,850-8685,長崎市魚の町4番1号,095-822-8888,,,,https://www.city.nagasaki.lg.jp/,,,,電話・来所,,,,source-capital-jp-42201-city,published,2026-07-26
jp-42201-self-reliance,jp-42201,money,長崎市生活支援相談センター,生活や仕事の困りごと相談,長崎市生活支援相談センター,仕事・家計・住まいなど、生活上の困りごとを相談できます。,,長崎市上町1番33号,095-828-0028,,,,https://corona-support.mhlw.go.jp/jukyokakuhokyufukin/counter.html,,,,電話・来所,,,,source-mhlw-housing-counter,published,2026-07-26
jp-42201-housing-benefit,jp-42201,rent,長崎市生活支援相談センター（住居確保給付金）,家賃・住居確保給付金の相談窓口,長崎市生活支援相談センター,住居確保給付金の相談・申請を受け付ける窓口です。,,長崎市上町1番33号,095-828-0028,,,,https://corona-support.mhlw.go.jp/jukyokakuhokyufukin/counter.html,,,,電話・来所,,,,source-mhlw-housing-counter,published,2026-07-26
jp-42201-public-assistance,jp-42201,money,長崎市生活福祉1・2課,生活保護の相談・申請窓口,中央総合事務所生活福祉1・2課,生活保護の相談・申請を受け付けます。申請は本人の意思で行うことができます。,,長崎市魚の町4番1号 市役所4階,095-829-1144,,,,https://www.city.nagasaki.lg.jp/page/1442.html,,,,電話・来所,,,,source-capital-jp-42201-public,published,2026-07-26
jp-43100-city-general,jp-43100,unknown,熊本市役所,市役所・区役所の代表窓口,熊本市,担当窓口が分からない場合の代表窓口です。,860-8601,熊本市中央区手取本町1-1,096-328-2111,,,,https://www.city.kumamoto.jp/,,,,電話・来所,,,,source-capital-jp-43100-city,published,2026-07-26
jp-43100-self-reliance,jp-43100,money,各区の熊本市生活自立支援センター,生活や仕事の困りごと相談,各区の熊本市生活自立支援センター,仕事・家計・住まいなど、生活上の困りごとを相談できます。,,,,,,,https://corona-support.mhlw.go.jp/jukyokakuhokyufukin/counter.html,,,,公式ページで管轄窓口を確認,,,,source-mhlw-housing-counter,published,2026-07-26
jp-43100-housing-benefit,jp-43100,rent,各区の熊本市生活自立支援センター（住居確保給付金）,家賃・住居確保給付金の相談窓口,各区の熊本市生活自立支援センター,住居確保給付金の相談・申請を受け付ける窓口です。,,,,,,,https://corona-support.mhlw.go.jp/jukyokakuhokyufukin/counter.html,,,,公式ページで管轄窓口を確認,,,,source-mhlw-housing-counter,published,2026-07-26
jp-43100-public-assistance,jp-43100,money,各区保健福祉部保護課,生活保護の相談・申請窓口,各区保健福祉部保護課,生活保護の相談・申請を受け付けます。申請は本人の意思で行うことができます。,,,,,,,https://www.city.kumamoto.jp/kiji0031003/index.html,,,,公式ページで管轄窓口を確認,,,,source-capital-jp-43100-public,published,2026-07-26
jp-44201-city-general,jp-44201,unknown,大分市役所,市役所・区役所の代表窓口,大分市,担当窓口が分からない場合の代表窓口です。,870-8504,大分市荷揚町2-31,097-534-6111,,,,https://www.city.oita.oita.jp/,,,,電話・来所,,,,source-capital-jp-44201-city,published,2026-07-26
jp-44201-self-reliance,jp-44201,money,大分市自立生活支援センター,生活や仕事の困りごと相談,大分市自立生活支援センター,仕事・家計・住まいなど、生活上の困りごとを相談できます。,,,097-547-8319,,,,https://corona-support.mhlw.go.jp/jukyokakuhokyufukin/counter.html,,,,電話・来所,,,,source-mhlw-housing-counter,published,2026-07-26
jp-44201-housing-benefit,jp-44201,rent,大分市自立生活支援センター（住居確保給付金）,家賃・住居確保給付金の相談窓口,大分市自立生活支援センター,住居確保給付金の相談・申請を受け付ける窓口です。,,,097-547-8319,,,,https://corona-support.mhlw.go.jp/jukyokakuhokyufukin/counter.html,,,,電話・来所,,,,source-mhlw-housing-counter,published,2026-07-26
jp-44201-public-assistance,jp-44201,money,大分市生活福祉課,生活保護の相談・申請窓口,福祉保健部生活福祉課,生活保護の相談・申請を受け付けます。申請は本人の意思で行うことができます。,,大分市荷揚町2-31 市役所第2庁舎2階,097-537-5706,,,,https://www.city.oita.oita.jp/o090/kenko/fukushi/1014363789439.html,,,,電話・来所,,,,source-capital-jp-44201-public,published,2026-07-26
jp-45201-city-general,jp-45201,unknown,宮崎市役所,市役所・区役所の代表窓口,宮崎市,担当窓口が分からない場合の代表窓口です。,880-8505,宮崎市橘通西1-1-1,0985-25-2111,,,,https://www.city.miyazaki.miyazaki.jp/,,,,電話・来所,,,,source-capital-jp-45201-city,published,2026-07-26
jp-45201-self-reliance,jp-45201,money,宮崎市自立相談支援センター「これから」,生活や仕事の困りごと相談,宮崎市自立相談支援センター「これから」,仕事・家計・住まいなど、生活上の困りごとを相談できます。,,,0985-42-9239,,,,https://corona-support.mhlw.go.jp/jukyokakuhokyufukin/counter.html,,,,電話・来所,,,,source-mhlw-housing-counter,published,2026-07-26
jp-45201-housing-benefit,jp-45201,rent,宮崎市自立相談支援センター「これから」（住居確保給付金）,家賃・住居確保給付金の相談窓口,宮崎市自立相談支援センター「これから」,住居確保給付金の相談・申請を受け付ける窓口です。,,,0985-42-9239,,,,https://corona-support.mhlw.go.jp/jukyokakuhokyufukin/counter.html,,,,電話・来所,,,,source-mhlw-housing-counter,published,2026-07-26
jp-45201-public-assistance,jp-45201,money,宮崎市社会福祉第一・第二課,生活保護の相談・申請窓口,福祉部社会福祉第一・第二課,生活保護の相談・申請を受け付けます。申請は本人の意思で行うことができます。,,宮崎市橘通西1-1-1,0985-21-1775,,,,https://www.city.miyazaki.miyazaki.jp/health/welfare/protection/1169.html,,,,電話・来所,,,,source-capital-jp-45201-public,published,2026-07-26
jp-46201-city-general,jp-46201,unknown,鹿児島市役所,市役所・区役所の代表窓口,鹿児島市,担当窓口が分からない場合の代表窓口です。,892-8677,鹿児島市山下町11-1,099-224-1111,,,,https://www.city.kagoshima.lg.jp/,,,,電話・来所,,,,source-capital-jp-46201-city,published,2026-07-26
jp-46201-self-reliance,jp-46201,money,鹿児島市生活自立支援センター,生活や仕事の困りごと相談,鹿児島市生活自立支援センター,仕事・家計・住まいなど、生活上の困りごとを相談できます。,,,099-803-9521,,,,https://corona-support.mhlw.go.jp/jukyokakuhokyufukin/counter.html,,,,電話・来所,,,,source-mhlw-housing-counter,published,2026-07-26
jp-46201-housing-benefit,jp-46201,rent,鹿児島市生活自立支援センター（住居確保給付金）,家賃・住居確保給付金の相談窓口,鹿児島市生活自立支援センター,住居確保給付金の相談・申請を受け付ける窓口です。,,,099-803-9521,,,,https://corona-support.mhlw.go.jp/jukyokakuhokyufukin/counter.html,,,,電話・来所,,,,source-mhlw-housing-counter,published,2026-07-26
jp-46201-public-assistance,jp-46201,money,鹿児島市保護第一課 自立支援・相談係,生活保護の相談・申請窓口,健康福祉局福祉部保護第一課,生活保護の相談・申請を受け付けます。申請は本人の意思で行うことができます。,,鹿児島市山下町11-1 市役所別館4階,099-216-1281,,,,https://www.city.kagoshima.lg.jp/kenkofukushi/fukushi/hogo1/index.html,,,,電話・来所,,,,source-capital-jp-46201-public,published,2026-07-26
